Iteration,Buffer_Size,Total_Loss,Policy_Loss,Value_Loss,New_Champion
576,4302,2.9677,2.6948,0.2729,False
577,8817,3.0759,2.6970,0.3789,False
578,13388,3.1903,2.6963,0.4940,True
579,17622,2.9921,2.6958,0.2964,False
580,21905,3.0811,2.6998,0.3814,False
579,4227,2.9435,2.7004,0.2431,False
580,8391,3.0422,2.7040,0.3382,True
581,12787,2.9607,2.7007,0.2600,False
582,17278,3.0443,2.7007,0.3436,False
583,21531,3.1294,2.7022,0.4272,False
584,25902,3.2033,2.7015,0.5017,False
585,30074,3.2597,2.7016,0.5581,False
586,34314,3.3206,2.7039,0.6166,False
587,38649,3.3611,2.7014,0.6597,False
588,43016,3.4080,2.7023,0.7057,True
589,47372,3.1546,2.7014,0.4531,False
590,51564,3.2078,2.7019,0.5059,True
591,55942,3.1257,2.7028,0.4229,True
592,60252,3.0888,2.7033,0.3856,False
592,4358,2.8889,2.6927,0.1962,False
593,8757,2.9871,2.6993,0.2878,False
594,12868,3.0727,2.7005,0.3722,False
595,16972,3.1695,2.7038,0.4657,False
596,21239,3.2235,2.7039,0.5196,True
597,25476,3.0188,2.7043,0.3145,True
598,29930,3.0026,2.7030,0.2997,True
599,34176,3.0018,2.7044,0.2974,False
600,38455,3.0752,2.7059,0.3692,False
599,11572,2.8572,2.6955,0.1616,True
600,23115,2.8608,2.6979,0.1629,False
601,34506,2.9279,2.7009,0.2271,True
602,45895,2.8959,2.7018,0.1941,False
603,57598,2.9558,2.7018,0.2540,False
604,68960,3.0077,2.7027,0.3050,False
605,80514,3.0537,2.7031,0.3506,True
606,91934,2.9494,2.7044,0.2451,False
607,103319,2.9979,2.7053,0.2926,False
608,114621,3.0429,2.7061,0.3368,False
1,20198,2.4095,2.1428,0.2667,False
2,39769,2.9177,2.5409,0.3768,False
3,59979,3.0926,2.6454,0.4473,False
4,79838,3.2474,2.7045,0.5429,False
5,99437,3.3322,2.7257,0.6065,False
1,20116,3.3644,2.7608,0.6036,False
2,40641,3.7763,2.8205,0.9557,False
3,60526,3.8289,2.8215,1.0075,False
4,80470,3.8046,2.8112,0.9934,False
5,100586,3.8505,2.8178,1.0326,False
1058,19467,2.9861,2.6163,0.3698,False
1059,39334,3.2338,2.7019,0.5319,True
1060,58676,3.0845,2.6651,0.4195,False
1061,78077,3.2043,2.6839,0.5204,False
1062,98166,3.3159,2.6988,0.6171,False
1063,117855,3.3920,2.7034,0.6886,False
1064,137083,3.4466,2.7074,0.7392,False
1065,156422,3.4871,2.7095,0.7777,False
1066,175683,3.5285,2.7142,0.8144,False
1067,195278,3.5487,2.7129,0.8358,True
1068,214966,3.4123,2.7122,0.7001,False
1069,234269,3.4437,2.7139,0.7298,False
1070,253434,3.4653,2.7163,0.7490,False
1071,272699,3.4898,2.7163,0.7735,False
1072,292539,3.5157,2.7182,0.7975,False
1073,311581,3.5327,2.7195,0.8132,False
1074,331224,3.5530,2.7199,0.8332,True
1075,350473,3.4802,2.7179,0.7623,False
1076,370460,3.5058,2.7201,0.7857,True
1077,389897,3.4602,2.7194,0.7408,False
1078,409781,3.4828,2.7199,0.7629,False
1079,429284,3.4921,2.7201,0.7720,False
1080,448647,3.5059,2.7205,0.7853,False
1081,467715,3.5142,2.7200,0.7942,False
1082,487353,3.5292,2.7206,0.8087,False
1083,500000,3.5442,2.7233,0.8209,False
1084,500000,3.5617,2.7226,0.8392,True
1085,500000,3.5374,2.7243,0.8131,False
1086,500000,3.5489,2.7234,0.8256,False
1087,500000,3.5565,2.7247,0.8318,False
1088,500000,3.5730,2.7255,0.8475,True
1089,500000,3.5333,2.7245,0.8089,True
1090,500000,3.5122,2.7251,0.7871,False
1091,500000,3.5205,2.7238,0.7967,True
1092,500000,3.5027,2.7239,0.7788,False
1093,500000,3.5103,2.7250,0.7853,False
1094,500000,3.5248,2.7247,0.8000,False
1095,500000,3.5394,2.7255,0.8139,False
1096,500000,3.5469,2.7252,0.8216,False
1097,500000,3.5576,2.7259,0.8317,False
1098,500000,3.5707,2.7250,0.8458,False
1099,500000,3.5806,2.7262,0.8544,False
1100,500000,3.5920,2.7266,0.8654,False
1092,19383,2.1241,1.9729,0.1512,False
1093,38097,2.5148,2.3184,0.1964,False
1094,57072,2.7881,2.5324,0.2556,False
1095,76362,2.9097,2.6088,0.3009,False
1096,95819,2.9969,2.6485,0.3484,False
1092,19206,2.1263,1.9692,0.1571,False
1093,38366,2.5205,2.3209,0.1995,False
1094,57485,2.7857,2.5288,0.2569,False
1095,76270,2.9141,2.6079,0.3062,True
1096,94678,2.5971,2.3899,0.2071,False
1097,113148,2.7093,2.4580,0.2513,False
1098,131269,2.8035,2.5059,0.2976,False
1099,149891,2.8828,2.5412,0.3416,False
1100,168576,2.9480,2.5682,0.3799,True
1101,186621,2.7967,2.5218,0.2748,True
1102,205010,2.7792,2.5079,0.2714,False
1103,223015,2.8400,2.5305,0.3095,False
1104,241426,2.8957,2.5482,0.3475,False
1105,259925,2.9457,2.5631,0.3826,False
1106,278188,2.9935,2.5772,0.4163,True
1107,296773,2.9141,2.5743,0.3398,True
1108,315037,2.9042,2.5766,0.3276,False
1109,333425,2.9483,2.5866,0.3617,True
1110,351636,2.9338,2.5902,0.3436,False
1111,369553,2.9762,2.6006,0.3757,False
1112,387613,3.0142,2.6086,0.4056,False
1113,405570,3.0469,2.6161,0.4308,False
1114,424142,3.0775,2.6213,0.4563,True
1115,442453,3.0311,2.6265,0.4046,False
1116,460636,3.0619,2.6318,0.4301,False
1117,479042,3.0904,2.6367,0.4537,False
1118,497123,3.1133,2.6399,0.4734,False
1119,500000,3.1430,2.6455,0.4975,False
1120,500000,3.1701,2.6508,0.5193,False
1121,500000,3.1964,2.6557,0.5407,False
1122,500000,3.2240,2.6604,0.5636,False
1123,500000,3.2468,2.6653,0.5815,False
1124,500000,3.2694,2.6687,0.6007,False
1125,500000,3.2908,2.6726,0.6182,False
1126,500000,3.3096,2.6767,0.6329,False
1127,500000,3.3276,2.6799,0.6477,False
1128,500000,3.3452,2.6834,0.6617,True
1129,500000,3.1847,2.6798,0.5050,True
1130,500000,3.1313,2.6788,0.4526,False
1131,500000,3.1507,2.6809,0.4698,False
1132,500000,3.1694,2.6826,0.4868,True
1133,500000,3.1194,2.6815,0.4379,False
1134,500000,3.1401,2.6828,0.4573,False
1135,500000,3.1608,2.6849,0.4759,False
1136,500000,3.1799,2.6863,0.4936,True
1137,500000,3.1230,2.6835,0.4395,False
1138,500000,3.1439,2.6856,0.4583,True
1139,500000,3.1042,2.6836,0.4206,True
1140,500000,3.0846,2.6822,0.4024,True
1141,500000,3.0733,2.6811,0.3922,False
1142,500000,3.0957,2.6824,0.4133,False
1143,500000,3.1193,2.6843,0.4350,False
1144,500000,3.1397,2.6861,0.4536,False
1145,500000,3.1628,2.6879,0.4749,False
1146,500000,3.1837,2.6891,0.4945,True
1147,500000,3.1159,2.6862,0.4297,False
1148,500000,3.1387,2.6879,0.4508,False
1149,500000,3.1614,2.6894,0.4720,False
1150,500000,3.1831,2.6909,0.4921,False
1151,500000,3.1990,2.6922,0.5068,False
1152,500000,3.2199,2.6934,0.5265,False
1153,500000,3.2383,2.6954,0.5429,False
1154,500000,3.2577,2.6970,0.5607,False
1155,500000,3.2741,2.6983,0.5758,True
1156,500000,3.1572,2.6927,0.4645,False
1157,500000,3.1777,2.6938,0.4839,False
1158,500000,3.1976,2.6953,0.5023,False
1159,500000,3.2155,2.6964,0.5191,True
1160,500000,3.1394,2.6916,0.4478,False
1161,500000,3.1620,2.6935,0.4685,False
1162,500000,3.1796,2.6944,0.4852,False
1163,500000,3.1978,2.6960,0.5019,False
1164,500000,3.2140,2.6969,0.5171,False
1165,500000,3.2322,2.6982,0.5340,True
1166,500000,3.1465,2.6932,0.4532,False
1167,500000,3.1663,2.6943,0.4720,False
1168,500000,3.1814,2.6955,0.4859,False
1169,500000,3.2005,2.6966,0.5039,False
1170,500000,3.2162,2.6971,0.5191,False
1171,500000,3.2348,2.6989,0.5359,False
1172,500000,3.2522,2.6999,0.5524,False
1173,500000,3.2652,2.7010,0.5642,True
1174,500000,3.1587,2.6946,0.4640,False
1175,500000,3.1756,2.6957,0.4799,False
1176,500000,3.1942,2.6974,0.4969,True
1177,500000,3.1310,2.6925,0.4385,False
1178,500000,3.1502,2.6938,0.4564,False
1179,500000,3.1695,2.6951,0.4744,True
1180,500000,3.1200,2.6920,0.4281,False
1181,500000,3.1389,2.6920,0.4469,False
1182,500000,3.1580,2.6934,0.4646,False
1183,500000,3.1761,2.6947,0.4814,False
1184,500000,3.1953,2.6958,0.4996,False
1185,500000,3.2134,2.6971,0.5163,False
1186,500000,3.2315,2.6979,0.5336,False
1187,500000,3.2479,2.6992,0.5487,False
1188,500000,3.2644,2.7001,0.5643,False
1189,500000,3.2811,2.7017,0.5795,True
1190,500000,3.1623,2.6951,0.4672,False
1191,500000,3.1809,2.6964,0.4845,False
1192,500000,3.1928,2.6964,0.4964,False
1193,500000,3.2108,2.6973,0.5135,False
1194,500000,3.2261,2.6980,0.5281,True
1195,500000,3.1432,2.6926,0.4506,False
1196,500000,3.1620,2.6940,0.4680,False
1197,500000,3.1829,2.6945,0.4883,False
1198,500000,3.1997,2.6959,0.5038,False
1199,500000,3.2165,2.6967,0.5198,False
1200,500000,3.2341,2.6977,0.5364,True
1201,500000,3.1466,2.6931,0.4534,False
1202,500000,3.1648,2.6944,0.4704,False
1203,500000,3.1824,2.6952,0.4872,False
1204,500000,3.2022,2.6960,0.5062,True
1205,500000,3.1348,2.6924,0.4424,True
1206,500000,3.1023,2.6893,0.4130,True
1207,500000,3.0861,2.6874,0.3987,False
1208,500000,3.1071,2.6886,0.4185,False
1209,500000,3.1285,2.6897,0.4388,False
1210,500000,3.1482,2.6900,0.4582,False
1211,500000,3.1693,2.6922,0.4771,False
1212,500000,3.1887,2.6930,0.4956,False
1213,500000,3.2083,2.6935,0.5148,True
1214,500000,3.1274,2.6888,0.4386,False
1215,500000,3.1506,2.6906,0.4600,True
1216,500000,3.1074,2.6871,0.4204,True
1217,500000,3.0855,2.6847,0.4008,False
1218,500000,3.1081,2.6864,0.4217,False
1219,500000,3.1318,2.6879,0.4439,False
1220,500000,3.1526,2.6894,0.4633,False
1221,500000,3.1727,2.6903,0.4824,False
1222,500000,3.1934,2.6916,0.5018,False
1223,500000,3.2119,2.6926,0.5193,False
1224,500000,3.2327,2.6944,0.5383,False
1225,500000,3.2500,2.6957,0.5543,False
1226,500000,3.2692,2.6972,0.5721,False
1227,500000,3.2868,2.6979,0.5888,False
1228,500000,3.3065,2.6994,0.6070,False
1229,500000,3.3222,2.7010,0.6211,False
1230,500000,3.3398,2.7029,0.6370,True
1231,500000,3.1836,2.6949,0.4887,False
1232,500000,3.2039,2.6969,0.5070,False
1233,500000,3.2194,2.6976,0.5218,False
1234,500000,3.2380,2.6986,0.5394,False
1235,500000,3.2507,2.6997,0.5510,False
1236,500000,3.2678,2.7009,0.5669,False
1237,500000,3.2845,2.7023,0.5822,False
1238,500000,3.2990,2.7035,0.5955,False
1239,500000,3.3127,2.7047,0.6080,False
1240,500000,3.3271,2.7052,0.6219,False
1241,500000,3.3424,2.7068,0.6355,False
1242,500000,3.3520,2.7077,0.6443,False
1243,500000,3.3682,2.7090,0.6592,False
1244,500000,3.3747,2.7101,0.6646,True
1245,500000,3.2008,2.7013,0.4995,False
1246,500000,3.2146,2.7021,0.5125,False
1247,500000,3.2281,2.7025,0.5256,False
1248,500000,3.2433,2.7034,0.5399,False
1249,500000,3.2569,2.7038,0.5531,False
1250,500000,3.2677,2.7046,0.5631,False
1251,500000,3.2825,2.7055,0.5770,False
1252,500000,3.2946,2.7064,0.5882,False
1253,500000,3.3052,2.7068,0.5984,True
1254,500000,3.1775,2.6992,0.4783,False
1255,500000,3.1913,2.6998,0.4915,False
1256,500000,3.2083,2.7008,0.5076,False
1257,500000,3.2233,2.7014,0.5219,False
1258,500000,3.2370,2.7025,0.5344,False
1259,500000,3.2520,2.7032,0.5487,False
1260,500000,3.2655,2.7040,0.5616,False
1261,500000,3.2814,2.7050,0.5764,False
1262,500000,3.2907,2.7053,0.5854,False
1263,500000,3.3059,2.7062,0.5997,False
1264,500000,3.3191,2.7071,0.6119,False
1265,500000,3.3312,2.7082,0.6230,False
1266,500000,3.3439,2.7087,0.6352,False
1267,500000,3.3566,2.7101,0.6465,True
1268,500000,3.1954,2.7008,0.4947,True
1269,500000,3.1357,2.6957,0.4400,True
1270,500000,3.1045,2.6918,0.4127,False
1271,500000,3.1246,2.6931,0.4315,False
1272,500000,3.1422,2.6938,0.4484,True
1273,500000,3.1012,2.6907,0.4105,True
1274,500000,3.0835,2.6875,0.3960,False
1275,500000,3.1030,2.6891,0.4140,False
1276,500000,3.1237,2.6891,0.4347,False
1277,500000,3.1420,2.6908,0.4513,False
1278,500000,3.1641,2.6923,0.4719,False
1279,500000,3.1851,2.6934,0.4917,True
1280,500000,3.1158,2.6891,0.4266,True
1281,500000,3.0917,2.6865,0.4052,False
1282,500000,3.1127,2.6880,0.4247,True
1283,500000,3.0876,2.6858,0.4018,True
1284,500000,3.0718,2.6836,0.3883,False
1285,500000,3.0960,2.6853,0.4107,False
1286,500000,3.1165,2.6859,0.4307,False
1287,500000,3.1398,2.6879,0.4519,False
1288,500000,3.1633,2.6895,0.4738,False
1289,500000,3.1805,2.6900,0.4904,False
1290,500000,3.2028,2.6923,0.5104,True
1291,500000,3.1242,2.6880,0.4362,False
1292,500000,3.1404,2.6883,0.4520,False
1293,500000,3.1615,2.6896,0.4720,True
1294,500000,3.1089,2.6853,0.4236,False
1295,500000,3.1317,2.6870,0.4447,False
1296,500000,3.1540,2.6886,0.4654,False
1297,500000,3.1779,2.6893,0.4885,True
1298,500000,3.1154,2.6858,0.4296,False
1299,500000,3.1380,2.6867,0.4514,True
1300,500000,3.0998,2.6841,0.4156,False
1301,500000,3.1221,2.6855,0.4365,False
1302,500000,3.1428,2.6873,0.4555,False
1303,500000,3.1625,2.6879,0.4746,True
1304,500000,3.1076,2.6847,0.4229,False
1305,500000,3.1312,2.6865,0.4447,False
1306,500000,3.1510,2.6875,0.4635,True
1307,500000,3.1031,2.6843,0.4188,True
1308,500000,3.0803,2.6821,0.3982,False
1309,500000,3.1047,2.6838,0.4210,True
1310,500000,3.0796,2.6821,0.3975,False
1311,500000,3.1037,2.6825,0.4212,False
1312,500000,3.1241,2.6840,0.4401,True
1313,500000,3.0883,2.6818,0.4066,False
1314,500000,3.1115,2.6829,0.4286,False
1315,500000,3.1337,2.6844,0.4493,False
1316,500000,3.1561,2.6858,0.4703,False
1317,500000,3.1795,2.6870,0.4925,False
1318,500000,3.1989,2.6885,0.5104,False
1319,500000,3.2203,2.6898,0.5305,False
1320,500000,3.2402,2.6912,0.5490,False
1321,500000,3.2596,2.6929,0.5667,True
1322,500000,3.1491,2.6873,0.4618,False
1323,500000,3.1721,2.6889,0.4832,False
1324,500000,3.1916,2.6910,0.5006,False
1325,500000,3.2113,2.6922,0.5191,False
1326,500000,3.2291,2.6930,0.5361,False
1327,500000,3.2486,2.6949,0.5537,False
1328,500000,3.2645,2.6953,0.5693,False
1329,500000,3.2842,2.6971,0.5871,True
1330,500000,3.1649,2.6904,0.4745,False
1331,500000,3.1876,2.6927,0.4949,False
1332,500000,3.2048,2.6932,0.5116,False
1333,500000,3.2219,2.6944,0.5275,False
1334,500000,3.2392,2.6958,0.5434,False
1335,500000,3.2559,2.6970,0.5589,False
1336,500000,3.2708,2.6980,0.5728,True
1337,500000,3.1609,2.6923,0.4686,False
1338,500000,3.1808,2.6936,0.4872,False
1339,500000,3.1958,2.6944,0.5014,False
1340,500000,3.2156,2.6950,0.5206,False
1341,500000,3.2314,2.6967,0.5347,False
1342,500000,3.2468,2.6972,0.5495,False
1343,500000,3.2607,2.6978,0.5628,False
1344,500000,3.2772,2.6998,0.5773,False
1345,500000,3.2910,2.7001,0.5909,False
1346,500000,3.3061,2.7014,0.6047,False
1347,500000,3.3194,2.7023,0.6172,True
1348,500000,3.1802,2.6948,0.4854,False
1349,500000,3.1979,2.6960,0.5020,True
1350,500000,3.1309,2.6908,0.4401,False
1351,500000,3.1490,2.6915,0.4575,False
1352,500000,3.1668,2.6929,0.4739,False
1353,500000,3.1851,2.6937,0.4913,True
1354,500000,3.1217,2.6888,0.4328,False
1355,500000,3.1405,2.6896,0.4510,False
1356,500000,3.1603,2.6915,0.4688,True
1357,500000,3.1087,2.6873,0.4214,False
1358,500000,3.1278,2.6878,0.4400,False
1359,500000,3.1474,2.6893,0.4581,False
1360,500000,3.1670,2.6906,0.4764,False
1361,500000,3.1861,2.6917,0.4944,False
1362,500000,3.2021,2.6927,0.5093,True
1363,500000,3.1253,2.6878,0.4374,False
1364,500000,3.1450,2.6886,0.4563,False
1365,500000,3.1671,2.6904,0.4767,False
1366,500000,3.1843,2.6913,0.4930,False
1367,500000,3.2028,2.6924,0.5103,False
1368,500000,3.2216,2.6936,0.5280,False
1369,500000,3.2377,2.6944,0.5433,False
1370,500000,3.2555,2.6957,0.5598,False
1371,500000,3.2703,2.6971,0.5732,False
1372,500000,3.2885,2.6982,0.5903,False
1373,500000,3.3047,2.6988,0.6059,False
1374,500000,3.3195,2.7004,0.6192,False
1375,500000,3.3364,2.7016,0.6348,False
1376,500000,3.3516,2.7030,0.6486,True
1377,500000,3.1970,2.6955,0.5014,False
1378,500000,3.2129,2.6957,0.5172,False
1379,500000,3.2289,2.6969,0.5320,False
1380,500000,3.2456,2.6983,0.5473,False
1381,500000,3.2606,2.6993,0.5613,True
1382,500000,3.1647,2.6934,0.4713,False
1383,500000,3.1831,2.6948,0.4883,False
1384,500000,3.1977,2.6956,0.5021,False
1385,500000,3.2145,2.6967,0.5177,False
1386,500000,3.2305,2.6978,0.5327,False
1387,500000,3.2480,2.6994,0.5486,False
1388,500000,3.2598,2.6995,0.5603,False
1389,500000,3.2753,2.7007,0.5746,False
1390,500000,3.2886,2.7014,0.5872,False
1391,500000,3.3020,2.7023,0.5997,False
1392,500000,3.3159,2.7025,0.6134,False
1393,500000,3.3291,2.7032,0.6259,False
1394,500000,3.3410,2.7045,0.6365,False
1395,500000,3.3536,2.7047,0.6489,False
1396,500000,3.3645,2.7059,0.6586,False
1397,500000,3.3760,2.7074,0.6686,False
1398,500000,3.3882,2.7077,0.6805,False
1399,500000,3.4014,2.7091,0.6923,False
1400,500000,3.4117,2.7101,0.7016,False
1401,500000,3.4219,2.7115,0.7104,False
1402,500000,3.4337,2.7127,0.7210,False
1403,500000,3.4416,2.7134,0.7282,False
1404,500000,3.4554,2.7148,0.7407,False
1405,500000,3.4662,2.7160,0.7502,False
1406,500000,3.4732,2.7166,0.7566,False
1407,500000,3.4847,2.7182,0.7665,False
1408,500000,3.4966,2.7191,0.7774,False
1409,500000,3.5053,2.7203,0.7850,True
1410,500000,3.2697,2.7079,0.5618,True
1411,500000,3.1743,2.6997,0.4746,False
1412,500000,3.1899,2.7006,0.4893,False
1413,500000,3.2043,2.7011,0.5031,False
1414,500000,3.2170,2.7017,0.5153,False
1415,500000,3.2310,2.7028,0.5281,False
1416,500000,3.2433,2.7030,0.5402,True
1417,500000,3.1534,2.6961,0.4573,True
1418,500000,3.1135,2.6917,0.4218,False
1419,500000,3.1315,2.6923,0.4393,False
1420,500000,3.1490,2.6927,0.4563,False
1421,500000,3.1677,2.6942,0.4735,True
1422,500000,3.1154,2.6894,0.4260,False
1423,500000,3.1353,2.6909,0.4444,False
1424,500000,3.1526,2.6912,0.4614,True
1425,500000,3.1088,2.6878,0.4210,False
1426,500000,3.1293,2.6888,0.4405,False
1427,500000,3.1477,2.6906,0.4571,False
1428,500000,3.1691,2.6911,0.4780,False
1429,500000,3.1861,2.6920,0.4941,False
1430,500000,3.2047,2.6933,0.5114,False
1431,500000,3.2238,2.6944,0.5294,False
1432,500000,3.2382,2.6949,0.5434,False
1433,500000,3.2570,2.6969,0.5601,False
1434,500000,3.2760,2.6976,0.5784,False
1435,500000,3.2919,2.6991,0.5928,False
1436,500000,3.3084,2.6998,0.6086,False
1437,500000,3.3255,2.7012,0.6243,False
1438,500000,3.3418,2.7027,0.6391,True
1439,500000,3.1908,2.6944,0.4964,True
1440,500000,3.1365,2.6900,0.4465,False
1441,500000,3.1569,2.6911,0.4657,True
1442,500000,3.1147,2.6868,0.4279,False
1443,500000,3.1343,2.6880,0.4462,False
1444,500000,3.1536,2.6895,0.4641,False
1445,500000,3.1736,2.6908,0.4828,False
1446,500000,3.1928,2.6923,0.5005,True
1447,500000,3.1264,2.6867,0.4398,False
1448,500000,3.1487,2.6889,0.4598,False
1449,500000,3.1656,2.6901,0.4755,False
1450,500000,3.1862,2.6907,0.4955,False
1451,500000,3.2054,2.6927,0.5127,False
1452,500000,3.2222,2.6932,0.5290,True
1453,500000,3.1414,2.6876,0.4538,False
1454,500000,3.1616,2.6895,0.4721,False
1455,500000,3.1786,2.6903,0.4883,False
1456,500000,3.1980,2.6917,0.5062,False
1457,500000,3.2154,2.6925,0.5229,False
1458,500000,3.2311,2.6938,0.5373,False
1459,500000,3.2483,2.6948,0.5535,False
1460,500000,3.2638,2.6957,0.5681,False
1461,500000,3.2782,2.6970,0.5812,True
1462,500000,3.1689,2.6910,0.4779,False
1463,500000,3.1864,2.6914,0.4949,True
1464,500000,3.1309,2.6869,0.4439,False
1465,500000,3.1491,2.6881,0.4610,False
1466,500000,3.1668,2.6890,0.4777,True
1467,500000,3.1193,2.6855,0.4339,False
1468,500000,3.1371,2.6866,0.4506,False
1469,500000,3.1554,2.6877,0.4676,False
1470,500000,3.1737,2.6880,0.4857,False
1471,500000,3.1915,2.6898,0.5017,False
1472,500000,3.2089,2.6907,0.5182,False
1473,500000,3.2249,2.6917,0.5332,True
1474,500000,3.1415,2.6862,0.4553,False
1475,500000,3.1610,2.6877,0.4733,True
1476,500000,3.1126,2.6838,0.4288,False
1477,500000,3.1321,2.6849,0.4472,False
1478,500000,3.1539,2.6864,0.4676,False
1479,500000,3.1691,2.6869,0.4822,True
1480,500000,3.1147,2.6829,0.4318,False
1481,500000,3.1335,2.6838,0.4497,False
1482,500000,3.1566,2.6858,0.4708,False
1483,500000,3.1749,2.6866,0.4883,False
1484,500000,3.1922,2.6874,0.5048,False
1485,500000,3.2107,2.6887,0.5220,False
1486,500000,3.2285,2.6896,0.5389,False
1487,500000,3.2457,2.6911,0.5546,False
1488,500000,3.2621,2.6919,0.5702,False
1489,500000,3.2797,2.6933,0.5863,False
1490,500000,3.2981,2.6947,0.6034,False
1491,500000,3.3105,2.6956,0.6149,False
1480,17107,2.0624,1.9048,0.1576,False
1481,34426,2.3720,2.1861,0.1860,False
1482,51544,2.6331,2.4097,0.2234,False
1483,68775,2.7928,2.5309,0.2619,False
1484,86147,2.8913,2.5920,0.2994,False
1485,103361,2.9608,2.6275,0.3333,False
1486,120672,3.0204,2.6507,0.3697,False
1487,137983,3.0711,2.6673,0.4038,False
1488,154972,3.1073,2.6751,0.4321,False
1489,172025,3.1476,2.6828,0.4648,False
1490,189225,3.1805,2.6895,0.4910,False
1491,206425,3.2165,2.6944,0.5220,False
1492,223943,3.2398,2.6976,0.5421,True
1493,241399,2.9861,2.6526,0.3335,False
1494,258546,3.0191,2.6594,0.3596,True
1495,275208,2.9540,2.6378,0.3162,False
1496,292315,2.9905,2.6447,0.3457,False
1497,309254,3.0221,2.6501,0.3720,False
1498,326332,3.0488,2.6548,0.3940,False
1499,343356,3.0802,2.6602,0.4200,True
1500,360473,3.0114,2.6517,0.3597,False
1501,377466,3.0425,2.6555,0.3870,True
1502,394701,3.0176,2.6531,0.3645,True
1503,412090,3.0087,2.6514,0.3573,False
1504,429758,3.0380,2.6550,0.3830,True
1505,447184,3.0255,2.6548,0.3707,False
1506,464287,3.0527,2.6584,0.3943,True
1507,480903,3.0399,2.6595,0.3804,False
1508,497573,3.0643,2.6620,0.4023,False
1509,500000,3.0873,2.6636,0.4238,False
1510,500000,3.1108,2.6662,0.4446,False
1511,500000,3.1319,2.6686,0.4633,False
1512,500000,3.1561,2.6710,0.4851,False
1513,500000,3.1798,2.6733,0.5066,False
1514,500000,3.1967,2.6744,0.5223,True
1515,500000,3.1202,2.6720,0.4482,True
1516,500000,3.0928,2.6712,0.4217,False
1517,500000,3.1166,2.6728,0.4438,True
1518,500000,3.0880,2.6708,0.4172,True
1519,500000,3.0758,2.6710,0.4048,False
1520,500000,3.0949,2.6721,0.4228,False
1521,500000,3.1168,2.6739,0.4430,True
1522,500000,3.0853,2.6714,0.4139,False
1523,500000,3.1060,2.6742,0.4318,False
1524,500000,3.1276,2.6761,0.4514,True
1525,500000,3.0950,2.6746,0.4204,False
1526,500000,3.1117,2.6748,0.4370,False
1527,500000,3.1319,2.6769,0.4550,False
1528,500000,3.1536,2.6791,0.4745,False
1529,500000,3.1724,2.6809,0.4914,False
1530,500000,3.1917,2.6824,0.5093,False
1531,500000,3.2089,2.6835,0.5254,False
1532,500000,3.2252,2.6850,0.5402,False
1533,500000,3.2440,2.6867,0.5572,False
1534,500000,3.2623,2.6885,0.5737,False
1535,500000,3.2765,2.6891,0.5874,False
1536,500000,3.2926,2.6915,0.6010,False
1537,500000,3.3097,2.6929,0.6168,True
1538,500000,3.1763,2.6860,0.4902,False
1539,500000,3.1928,2.6871,0.5057,False
1540,500000,3.2108,2.6885,0.5223,False
1541,500000,3.2242,2.6903,0.5339,False
1542,500000,3.2405,2.6908,0.5496,True
1543,500000,3.1561,2.6864,0.4697,False
1544,500000,3.1719,2.6880,0.4839,False
1545,500000,3.1882,2.6884,0.4998,False
1546,500000,3.2051,2.6900,0.5151,False
1547,500000,3.2229,2.6916,0.5313,True
1548,500000,3.1468,2.6855,0.4613,True
1549,500000,3.1152,2.6827,0.4325,False
1550,500000,3.1337,2.6848,0.4489,True
1551,500000,3.1022,2.6818,0.4204,True
1552,500000,3.0870,2.6791,0.4080,False
1553,500000,3.1063,2.6808,0.4254,False
1554,500000,3.1262,2.6814,0.4448,False
1555,500000,3.1441,2.6826,0.4615,False
1556,500000,3.1605,2.6840,0.4766,True
1557,500000,3.1095,2.6798,0.4297,False
1558,500000,3.1299,2.6806,0.4493,True
1559,500000,3.0977,2.6779,0.4199,False
1560,500000,3.1178,2.6792,0.4387,False
1561,500000,3.1379,2.6807,0.4571,False
1562,500000,3.1546,2.6814,0.4732,False
1563,500000,3.1727,2.6838,0.4889,True
1564,500000,3.1185,2.6799,0.4386,True
1565,500000,3.0937,2.6772,0.4166,False
1566,500000,3.1141,2.6787,0.4353,False
1567,500000,3.1323,2.6802,0.4521,False
1568,500000,3.1518,2.6812,0.4706,False
1569,500000,3.1711,2.6832,0.4879,False
1570,500000,3.1884,2.6836,0.5048,False
1571,500000,3.2086,2.6852,0.5234,False
1572,500000,3.2252,2.6867,0.5386,False
1573,500000,3.2417,2.6875,0.5542,False
1574,500000,3.2588,2.6892,0.5697,False
1575,500000,3.2744,2.6902,0.5842,False
1576,500000,3.2902,2.6920,0.5983,False
1577,500000,3.3046,2.6929,0.6118,False
1578,500000,3.3195,2.6943,0.6252,False
1579,500000,3.3316,2.6958,0.6358,False
1580,500000,3.3476,2.6961,0.6515,True
1581,500000,3.1898,2.6873,0.5024,False
1582,500000,3.2062,2.6884,0.5177,False
1583,500000,3.2225,2.6902,0.5324,False
1584,500000,3.2375,2.6912,0.5463,False
1585,500000,3.2502,2.6921,0.5581,False
1586,500000,3.2678,2.6943,0.5735,False
1587,500000,3.2783,2.6941,0.5842,False
1588,500000,3.2939,2.6955,0.5984,False
1589,500000,3.3050,2.6964,0.6085,False
1590,500000,3.3182,2.6976,0.6207,False
1591,500000,3.3299,2.6986,0.6313,True
1592,500000,3.1933,2.6917,0.5015,False
1593,500000,3.2071,2.6923,0.5148,False
1594,500000,3.2203,2.6927,0.5276,True
1595,500000,3.1465,2.6877,0.4588,False
1596,500000,3.1631,2.6883,0.4748,False
1597,500000,3.1787,2.6895,0.4892,False
1598,500000,3.1929,2.6901,0.5028,False
1599,500000,3.2054,2.6906,0.5147,False
1600,500000,3.2206,2.6911,0.5294,False
1601,500000,3.2330,2.6919,0.5411,True
1602,500000,3.1445,2.6866,0.4579,False
1603,500000,3.1605,2.6874,0.4731,False
1604,500000,3.1772,2.6889,0.4883,False
1605,500000,3.1938,2.6906,0.5032,False
1606,500000,3.2088,2.6911,0.5177,False
1607,500000,3.2248,2.6924,0.5324,False
1608,500000,3.2393,2.6927,0.5466,False
1609,500000,3.2549,2.6939,0.5611,True
1610,500000,3.1565,2.6880,0.4685,True
1611,500000,3.1164,2.6843,0.4321,False
1612,500000,3.1321,2.6846,0.4475,False
1613,500000,3.1487,2.6856,0.4631,True
1614,500000,3.1077,2.6815,0.4262,False
1615,500000,3.1250,2.6823,0.4427,False
1616,500000,3.1458,2.6836,0.4623,False
1617,500000,3.1635,2.6851,0.4784,True
1618,500000,3.1114,2.6808,0.4306,False
1619,500000,3.1289,2.6817,0.4473,True
1620,500000,3.0989,2.6794,0.4194,False
1621,500000,3.1185,2.6800,0.4384,True
1622,500000,3.0921,2.6777,0.4144,False
1623,500000,3.1133,2.6790,0.4343,False
1624,500000,3.1327,2.6809,0.4519,False
1625,500000,3.1523,2.6815,0.4709,False
1626,500000,3.1692,2.6829,0.4863,False
1627,500000,3.1891,2.6839,0.5052,False
1628,500000,3.2062,2.6853,0.5209,False
1629,500000,3.2257,2.6871,0.5386,False
1630,500000,3.2436,2.6877,0.5558,False
1631,500000,3.2588,2.6888,0.5699,False
1632,500000,3.2759,2.6902,0.5856,True
1633,500000,3.1602,2.6840,0.4762,False
1634,500000,3.1779,2.6847,0.4932,False
1635,500000,3.1956,2.6864,0.5093,False
1636,500000,3.2116,2.6871,0.5245,False
1637,500000,3.2288,2.6882,0.5406,False
1638,500000,3.2461,2.6893,0.5568,False
1639,500000,3.2603,2.6910,0.5694,False
1640,500000,3.2754,2.6917,0.5838,False
1641,500000,3.2910,2.6924,0.5985,False
1642,500000,3.3041,2.6941,0.6100,False
1643,500000,3.3177,2.6950,0.6227,False
1644,500000,3.3304,2.6961,0.6343,False
1645,500000,3.3457,2.6975,0.6482,False
1646,500000,3.3579,2.6985,0.6594,False
1647,500000,3.3694,2.6996,0.6699,False
1648,500000,3.3791,2.7011,0.6780,False
1649,500000,3.3886,2.7018,0.6868,False
1650,500000,3.3985,2.7031,0.6954,False
1651,500000,3.4084,2.7048,0.7037,False
1652,500000,3.4145,2.7049,0.7096,True
1653,500000,3.2210,2.6943,0.5267,True
1654,500000,3.1560,2.6889,0.4671,False
1655,500000,3.1686,2.6890,0.4796,False
1656,500000,3.1845,2.6902,0.4943,True
1657,500000,3.1298,2.6854,0.4444,False
1658,500000,3.1469,2.6867,0.4602,False
1659,500000,3.1606,2.6871,0.4734,True
1660,500000,3.1151,2.6836,0.4315,True
1661,500000,3.0928,2.6808,0.4120,False
1662,500000,3.1118,2.6818,0.4300,True
1663,500000,3.0884,2.6797,0.4087,True
1664,500000,3.0732,2.6764,0.3968,True
1665,500000,3.0647,2.6751,0.3896,True
1666,500000,3.0555,2.6730,0.3825,False
1667,500000,3.0773,2.6744,0.4029,True
1668,500000,3.0615,2.6719,0.3896,False
1669,500000,3.0832,2.6737,0.4095,False
1670,500000,3.1038,2.6750,0.4288,False
1671,500000,3.1245,2.6765,0.4480,True
1672,500000,3.0856,2.6738,0.4118,False
1673,500000,3.1079,2.6754,0.4325,False
1674,500000,3.1280,2.6768,0.4512,True
1675,500000,3.0900,2.6737,0.4163,True
1676,500000,3.0748,2.6730,0.4018,True
1677,500000,3.0650,2.6707,0.3943,False
1678,500000,3.0882,2.6727,0.4155,False
1679,500000,3.1098,2.6752,0.4346,True
1680,16889,2.0699,1.9036,0.1663,False
1681,33174,2.3521,2.1611,0.1909,False
1682,50189,2.6201,2.3904,0.2297,False
1683,67064,2.7784,2.5144,0.2641,False
1684,84156,2.8775,2.5789,0.2986,False
1685,101181,2.9511,2.6159,0.3352,False
1686,117281,3.0168,2.6431,0.3737,True
1687,134017,2.7582,2.5152,0.2429,False
1688,150393,2.8288,2.5489,0.2800,False
1689,166833,2.8882,2.5717,0.3165,False
1690,183971,2.9393,2.5894,0.3499,False
1691,200734,2.9837,2.6034,0.3802,False
1692,217590,3.0229,2.6150,0.4079,False
1693,234523,3.0595,2.6253,0.4342,False
1694,250745,3.0950,2.6324,0.4626,True
1695,267410,2.9445,2.6072,0.3372,False
1696,284249,2.9832,2.6174,0.3658,True
1697,300800,2.9386,2.6078,0.3309,False
1698,317676,2.9763,2.6153,0.3610,False
1699,334129,3.0098,2.6222,0.3876,False
1700,350726,3.0404,2.6284,0.4120,True
1701,367366,2.9907,2.6250,0.3656,False
1702,384072,3.0232,2.6303,0.3929,False
1703,400499,3.0527,2.6352,0.4175,False
1704,416592,3.0767,2.6397,0.4370,True
1705,433647,3.0384,2.6405,0.3978,True
1706,450404,3.0267,2.6408,0.3859,False
1707,466793,3.0521,2.6448,0.4074,False
1708,483092,3.0781,2.6484,0.4298,False
1709,499718,3.0984,2.6505,0.4479,True
1710,500000,3.0702,2.6521,0.4181,False
1711,500000,3.0948,2.6553,0.4396,False
1712,500000,3.1165,2.6585,0.4580,False
1713,500000,3.1402,2.6603,0.4800,True
1714,500000,3.0977,2.6604,0.4373,True
1715,500000,3.0814,2.6612,0.4202,False
1716,500000,3.1037,2.6635,0.4402,True
1717,500000,3.0815,2.6629,0.4187,False
1718,500000,3.1034,2.6646,0.4387,False
1719,500000,3.1221,2.6669,0.4552,True
1720,500000,3.0907,2.6657,0.4250,False
1721,500000,3.1112,2.6679,0.4432,False
1722,500000,3.1317,2.6696,0.4621,False
1723,500000,3.1525,2.6724,0.4801,False
1724,500000,3.1670,2.6731,0.4939,False
1725,500000,3.1867,2.6751,0.5117,False
1726,500000,3.2063,2.6767,0.5296,False
1727,500000,3.2237,2.6781,0.5456,False
1728,500000,3.2424,2.6802,0.5623,False
1729,500000,3.2579,2.6818,0.5761,False
1730,500000,3.2755,2.6846,0.5909,False
1731,500000,3.2905,2.6856,0.6050,False
1732,500000,3.3059,2.6873,0.6186,False
1733,500000,3.3211,2.6891,0.6319,False
1734,500000,3.3381,2.6910,0.6471,False
1735,500000,3.3507,2.6927,0.6579,False
1736,500000,3.3630,2.6933,0.6696,False
1737,500000,3.3738,2.6959,0.6779,False
1738,500000,3.3858,2.6970,0.6888,False
1739,500000,3.3972,2.6995,0.6977,True
1740,500000,3.2144,2.6894,0.5250,False
1741,500000,3.2277,2.6908,0.5369,False
1742,500000,3.2398,2.6917,0.5481,False
1743,500000,3.2528,2.6924,0.5603,False
1744,500000,3.2653,2.6935,0.5718,False
1745,500000,3.2762,2.6942,0.5820,False
1746,500000,3.2892,2.6959,0.5932,False
1747,500000,3.2982,2.6968,0.6014,False
1748,500000,3.3077,2.6978,0.6099,False
1749,500000,3.3167,2.6988,0.6179,False
1750,500000,3.3262,2.6992,0.6270,False
1751,500000,3.3345,2.6997,0.6348,False
1752,500000,3.3430,2.7004,0.6427,False
1753,500000,3.3501,2.7011,0.6489,False
1754,500000,3.3594,2.7012,0.6582,True
1755,500000,3.2031,2.6924,0.5107,False
1756,500000,3.2143,2.6930,0.5213,False
1757,500000,3.2259,2.6939,0.5320,False
1758,500000,3.2385,2.6943,0.5442,False
1759,500000,3.2500,2.6951,0.5549,False
1760,500000,3.2604,2.6954,0.5650,False
1761,500000,3.2714,2.6968,0.5747,True
1762,500000,3.1724,2.6892,0.4833,False
1763,500000,3.1844,2.6897,0.4947,True
1764,500000,3.1374,2.6859,0.4515,False
1765,500000,3.1514,2.6862,0.4652,False
1766,500000,3.1679,2.6875,0.4804,False
1767,500000,3.1827,2.6880,0.4946,False
1768,500000,3.1967,2.6887,0.5080,False
1769,500000,3.2122,2.6899,0.5223,True
1770,500000,3.1402,2.6841,0.4560,False
1771,500000,3.1560,2.6850,0.4709,False
1772,500000,3.1711,2.6858,0.4853,False
1773,500000,3.1860,2.6868,0.4992,False
1774,500000,3.2001,2.6876,0.5125,False
1775,500000,3.2166,2.6891,0.5276,False
1776,500000,3.2299,2.6891,0.5408,False
1777,500000,3.2460,2.6907,0.5553,False
1778,500000,3.2593,2.6914,0.5679,True
1779,500000,3.1575,2.6855,0.4720,False
1780,500000,3.1674,2.6850,0.4825,True
1781,500000,3.1217,2.6812,0.4405,False
1782,500000,3.1390,2.6815,0.4575,True
1783,500000,3.1055,2.6790,0.4266,False
1784,500000,3.1227,2.6793,0.4434,True
1785,500000,3.0948,2.6767,0.4181,False
1786,500000,3.1127,2.6782,0.4345,False
1787,500000,3.1318,2.6794,0.4524,False
1788,500000,3.1488,2.6801,0.4687,True
1789,500000,3.1049,2.6767,0.4282,False
1790,500000,3.1259,2.6784,0.4475,False
1791,500000,3.1449,2.6799,0.4650,False
1792,500000,3.1627,2.6807,0.4820,False
1793,500000,3.1805,2.6813,0.4992,False
1794,500000,3.1971,2.6821,0.5150,False
1795,500000,3.2142,2.6837,0.5305,False
1796,500000,3.2297,2.6852,0.5446,False
1797,500000,3.2441,2.6851,0.5590,False
1798,500000,3.2607,2.6874,0.5734,False
1799,500000,3.2790,2.6893,0.5897,False
1800,500000,3.2921,2.6900,0.6021,False
1801,500000,3.3073,2.6908,0.6165,False
1802,500000,3.3206,2.6919,0.6287,True
1803,500000,3.1838,2.6850,0.4987,True
1804,500000,3.1326,2.6806,0.4519,False
1805,500000,3.1518,2.6824,0.4693,False
1806,500000,3.1673,2.6832,0.4841,True
1807,500000,3.1219,2.6795,0.4424,False
1808,500000,3.1386,2.6805,0.4581,False
1809,500000,3.1593,2.6833,0.4760,False
1810,500000,3.1737,2.6830,0.4908,False
1811,500000,3.1916,2.6838,0.5078,False
1812,500000,3.2091,2.6852,0.5239,False
1813,500000,3.2238,2.6864,0.5375,False
1814,500000,3.2373,2.6875,0.5497,True
1815,500000,3.1500,2.6820,0.4680,True
1816,500000,3.1142,2.6789,0.4353,False
1817,500000,3.1340,2.6810,0.4531,False
1818,500000,3.1519,2.6817,0.4702,False
1819,500000,3.1688,2.6831,0.4857,False
1820,500000,3.1851,2.6838,0.5013,False
1821,500000,3.2021,2.6853,0.5168,False
1822,500000,3.2191,2.6862,0.5329,True
1823,500000,3.1383,2.6804,0.4579,False
1824,500000,3.1578,2.6820,0.4758,False
1825,500000,3.1745,2.6831,0.4914,False
1826,500000,3.1919,2.6842,0.5077,False
1827,500000,3.2082,2.6853,0.5228,False
1828,500000,3.2238,2.6863,0.5375,False
1829,500000,3.2394,2.6873,0.5521,False
1830,500000,3.2538,2.6881,0.5657,False
1831,500000,3.2696,2.6895,0.5801,False
1832,500000,3.2842,2.6911,0.5931,True
1833,500000,3.1705,2.6835,0.4870,False
1834,500000,3.1876,2.6849,0.5027,False
1835,500000,3.2033,2.6865,0.5168,False
1836,500000,3.2161,2.6874,0.5287,False
1837,500000,3.2293,2.6883,0.5410,False
1838,500000,3.2446,2.6896,0.5550,False
1839,500000,3.2589,2.6899,0.5690,False
1840,500000,3.2741,2.6913,0.5827,True
1841,500000,3.1684,2.6847,0.4837,False
1842,500000,3.1820,2.6858,0.4962,False
1843,500000,3.1973,2.6864,0.5109,True
1844,500000,3.1343,2.6815,0.4528,True
1845,500000,3.1069,2.6788,0.4280,False
1846,500000,3.1241,2.6799,0.4442,False
1847,500000,3.1394,2.6802,0.4591,False
1845,16197,2.0492,1.8812,0.1680,False
1846,32235,2.3284,2.1352,0.1932,False
1847,48817,2.5993,2.3706,0.2287,False
1848,65139,2.7738,2.5040,0.2697,False
1849,81336,2.8790,2.5725,0.3065,False
1850,97883,2.9566,2.6127,0.3439,False
1851,114196,3.0085,2.6354,0.3731,True
1852,130426,2.7461,2.5008,0.2453,False
1853,146123,2.8157,2.5331,0.2825,False
1854,161896,2.8696,2.5572,0.3124,False
1855,178181,2.9233,2.5755,0.3478,False
1856,194298,2.9687,2.5910,0.3777,False
1857,210219,3.0111,2.6035,0.4076,False
1858,226489,3.0467,2.6144,0.4324,False
1859,242535,3.0818,2.6236,0.4582,False
1860,258222,3.1151,2.6311,0.4840,False
1861,274387,3.1440,2.6380,0.5061,True
1862,290652,2.9859,2.6176,0.3683,False
1863,307578,3.0214,2.6243,0.3972,False
1864,323808,3.0518,2.6304,0.4214,False
1865,339971,3.0808,2.6354,0.4454,False
1866,356217,3.1051,2.6409,0.4642,True
1867,372423,3.0303,2.6344,0.3959,False
1868,388421,3.0565,2.6395,0.4170,False
1869,404363,3.0825,2.6439,0.4385,True
1870,421034,3.0448,2.6431,0.4017,False
1871,437109,3.0691,2.6466,0.4225,False
1872,453437,3.0892,2.6488,0.4405,False
1873,469974,3.1126,2.6524,0.4603,False
1874,486014,3.1321,2.6548,0.4773,True
1875,500000,3.0898,2.6555,0.4343,True
1876,500000,3.0737,2.6555,0.4182,False
1877,500000,3.0951,2.6575,0.4376,False
1878,500000,3.1176,2.6602,0.4573,False
1879,500000,3.1374,2.6627,0.4747,False
1880,500000,3.1574,2.6645,0.4929,False
1881,500000,3.1781,2.6668,0.5113,False
1882,500000,3.1956,2.6685,0.5271,False
1883,500000,3.2150,2.6709,0.5441,False
1884,500000,3.2318,2.6735,0.5584,False
1885,500000,3.2446,2.6738,0.5708,True
1886,500000,3.1499,2.6707,0.4792,False
1887,500000,3.1669,2.6723,0.4946,False
1888,500000,3.1853,2.6743,0.5110,True
1889,500000,3.1296,2.6716,0.4580,True
1890,500000,3.1017,2.6695,0.4322,False
1891,500000,3.1206,2.6713,0.4494,False
1892,500000,3.1405,2.6728,0.4678,False
1893,500000,3.1554,2.6740,0.4814,True
1894,500000,3.1130,2.6718,0.4412,False
1895,500000,3.1326,2.6737,0.4590,True
1896,500000,3.0995,2.6706,0.4289,False
1897,500000,3.1198,2.6729,0.4468,False
1898,500000,3.1367,2.6742,0.4625,False
1899,500000,3.1529,2.6755,0.4774,False
1900,500000,3.1713,2.6771,0.4942,True
1901,500000,3.1174,2.6733,0.4441,True
1902,500000,3.0958,2.6711,0.4246,True
1903,500000,3.0837,2.6705,0.4132,False
1904,500000,3.1003,2.6712,0.4291,False
1905,500000,3.1214,2.6718,0.4496,True
1906,500000,3.0916,2.6700,0.4216,False
1907,500000,3.1114,2.6718,0.4396,True
1908,500000,3.0857,2.6689,0.4168,True
1909,500000,3.0773,2.6682,0.4091,False
1910,500000,3.0964,2.6689,0.4275,False
1911,500000,3.1145,2.6709,0.4436,False
1912,500000,3.1349,2.6729,0.4620,False
1913,500000,3.1539,2.6740,0.4800,True
1914,500000,3.1052,2.6707,0.4345,False
1915,500000,3.1229,2.6718,0.4511,True
1916,500000,3.0948,2.6697,0.4251,False
1917,500000,3.1147,2.6708,0.4439,False
1918,500000,3.1355,2.6735,0.4620,False
1919,500000,3.1541,2.6743,0.4798,False
1920,500000,3.1716,2.6748,0.4968,False
1921,500000,3.1874,2.6771,0.5103,False
1922,500000,3.2053,2.6781,0.5273,False
1923,500000,3.2231,2.6793,0.5438,False
1924,500000,3.2380,2.6810,0.5571,False
1925,500000,3.2569,2.6827,0.5742,False
1926,500000,3.2726,2.6845,0.5881,False
1927,500000,3.2855,2.6859,0.5996,False
1928,500000,3.3001,2.6866,0.6135,False
1929,500000,3.3140,2.6882,0.6257,False
1930,500000,3.3274,2.6892,0.6382,False
1931,500000,3.3402,2.6909,0.6493,False
1932,500000,3.3520,2.6924,0.6596,False
1933,500000,3.3649,2.6935,0.6714,False
1934,500000,3.3780,2.6953,0.6827,False
1935,500000,3.3877,2.6972,0.6904,False
1936,500000,3.3982,2.6982,0.7000,True
1937,500000,3.2146,2.6884,0.5262,False
1938,500000,3.2284,2.6893,0.5391,False
1939,500000,3.2421,2.6909,0.5512,False
1940,500000,3.2493,2.6905,0.5588,False
1941,500000,3.2617,2.6921,0.5695,False
1942,500000,3.2718,2.6932,0.5786,False
1943,500000,3.2840,2.6945,0.5895,False
1944,500000,3.2970,2.6954,0.6016,False
1945,500000,3.3072,2.6954,0.6119,False
1946,500000,3.3161,2.6962,0.6198,False
1947,500000,3.3251,2.6978,0.6273,True
1948,500000,3.1937,2.6884,0.5052,False
1949,500000,3.2075,2.6891,0.5184,False
1950,500000,3.2182,2.6896,0.5287,False
1951,500000,3.2310,2.6906,0.5404,False
1952,500000,3.2417,2.6913,0.5504,False
1953,500000,3.2532,2.6919,0.5614,True
1954,500000,3.1664,2.6855,0.4808,False
1955,500000,3.1788,2.6859,0.4929,True
1956,500000,3.1294,2.6815,0.4479,False
1957,500000,3.1444,2.6828,0.4616,False
1958,500000,3.1599,2.6830,0.4769,False
1959,500000,3.1743,2.6843,0.4900,False
1960,500000,3.1897,2.6858,0.5039,False
1961,500000,3.2036,2.6860,0.5176,False
1962,500000,3.2194,2.6872,0.5322,False
1963,500000,3.2354,2.6884,0.5470,False
1964,500000,3.2480,2.6896,0.5584,False
1965,500000,3.2595,2.6901,0.5695,False
1966,500000,3.2742,2.6909,0.5834,True
1967,500000,3.1700,2.6842,0.4858,False
1968,500000,3.1854,2.6850,0.5004,False
1969,500000,3.1967,2.6845,0.5122,False
1970,500000,3.2110,2.6866,0.5243,False
1971,500000,3.2244,2.6871,0.5373,False
1972,500000,3.2369,2.6880,0.5489,False
1973,500000,3.2520,2.6893,0.5627,False
1974,500000,3.2660,2.6903,0.5758,False
1975,500000,3.2779,2.6913,0.5866,False
1976,500000,3.2891,2.6918,0.5972,True
1977,500000,3.1775,2.6849,0.4926,False
1978,500000,3.1920,2.6857,0.5064,True
1979,500000,3.1400,2.6810,0.4590,False
1980,500000,3.1551,2.6817,0.4733,False
1981,500000,3.1679,2.6827,0.4851,False
1982,500000,3.1843,2.6845,0.4998,False
1983,500000,3.1988,2.6847,0.5141,False
1984,500000,3.2147,2.6861,0.5286,False
1985,500000,3.2279,2.6864,0.5415,True
1986,500000,3.1477,2.6804,0.4673,False
1987,500000,3.1632,2.6814,0.4818,False
1988,500000,3.1779,2.6831,0.4948,False
1989,500000,3.1919,2.6836,0.5083,False
1990,500000,3.2050,2.6842,0.5208,False
1991,500000,3.2196,2.6848,0.5348,False
1992,500000,3.2336,2.6855,0.5481,False
1993,500000,3.2485,2.6868,0.5617,False
1994,500000,3.2602,2.6872,0.5730,False
1995,500000,3.2742,2.6878,0.5863,False
1996,500000,3.2866,2.6892,0.5974,False
1997,500000,3.3004,2.6901,0.6102,True
1998,500000,3.1789,2.6824,0.4966,False
1999,500000,3.1934,2.6835,0.5100,True
2000,500000,3.1367,2.6784,0.4583,False
2001,500000,3.1552,2.6797,0.4755,True
2002,500000,3.1149,2.6755,0.4394,False
2003,500000,3.1326,2.6771,0.4555,True
2004,500000,3.1010,2.6730,0.4280,False
2005,500000,3.1181,2.6739,0.4442,True
2006,500000,3.0880,2.6712,0.4168,False
2007,500000,3.1083,2.6729,0.4354,False
2008,500000,3.1267,2.6740,0.4527,False
2009,500000,3.1441,2.6752,0.4689,True
2010,500000,3.1038,2.6718,0.4320,False
2011,500000,3.1194,2.6725,0.4469,False
2012,500000,3.1355,2.6742,0.4613,False
2013,500000,3.1516,2.6739,0.4777,False
2014,500000,3.1657,2.6754,0.4903,True
2015,500000,3.1128,2.6713,0.4415,False
2016,500000,3.1318,2.6726,0.4592,False
2017,500000,3.1503,2.6742,0.4760,False
2018,500000,3.1651,2.6754,0.4897,False
2019,500000,3.1814,2.6759,0.5055,False
2020,500000,3.1996,2.6775,0.5221,False
2021,500000,3.2147,2.6777,0.5370,True
2022,500000,3.1375,2.6733,0.4642,False
2023,500000,3.1559,2.6746,0.4813,True
2024,500000,3.1147,2.6718,0.4429,False
2025,500000,3.1304,2.6718,0.4586,False
2026,500000,3.1473,2.6739,0.4734,False
2027,500000,3.1644,2.6748,0.4896,False
2028,500000,3.1815,2.6748,0.5066,False
2029,500000,3.1965,2.6770,0.5194,False
2030,500000,3.2117,2.6775,0.5342,False
2031,500000,3.2276,2.6790,0.5486,False
2032,500000,3.2411,2.6795,0.5616,False
2033,500000,3.2552,2.6809,0.5743,True
2034,500000,3.1566,2.6745,0.4821,False
2035,500000,3.1734,2.6761,0.4973,False
2036,500000,3.1902,2.6771,0.5132,True
2037,500000,3.1308,2.6732,0.4576,False
2038,500000,3.1472,2.6738,0.4734,False
2039,500000,3.1639,2.6751,0.4888,False
2040,500000,3.1789,2.6763,0.5026,True
2041,500000,3.1246,2.6718,0.4528,False
2042,500000,3.1423,2.6730,0.4694,False
2043,500000,3.1600,2.6741,0.4859,False
2044,500000,3.1766,2.6763,0.5004,True
2045,500000,3.1163,2.6705,0.4457,False
2046,500000,3.1325,2.6711,0.4614,False
2047,500000,3.1500,2.6727,0.4773,False
2048,500000,3.1671,2.6740,0.4931,False
2049,500000,3.1827,2.6744,0.5083,True
2050,500000,3.1253,2.6706,0.4547,False
2051,500000,3.1414,2.6716,0.4698,False
2052,500000,3.1604,2.6731,0.4873,False
2053,500000,3.1762,2.6738,0.5023,True
2054,500000,3.1207,2.6700,0.4506,False
2055,500000,3.1391,2.6718,0.4673,False
2056,500000,3.1572,2.6727,0.4845,True
2057,500000,3.1132,2.6688,0.4445,False
2058,500000,3.1306,2.6701,0.4605,False
2059,500000,3.1473,2.6707,0.4766,False
2060,500000,3.1615,2.6715,0.4899,False
2061,500000,3.1799,2.6743,0.5056,True
2062,500000,3.1218,2.6691,0.4527,False
2063,500000,3.1406,2.6706,0.4700,True
2064,500000,3.1044,2.6675,0.4369,False
2065,500000,3.1217,2.6689,0.4528,False
2066,500000,3.1389,2.6704,0.4685,False
2067,500000,3.1582,2.6710,0.4872,False
2068,500000,3.1754,2.6724,0.5030,False
2069,500000,3.1910,2.6731,0.5179,True
2070,500000,3.1292,2.6692,0.4600,False
2071,500000,3.1459,2.6698,0.4762,False
2072,500000,3.1635,2.6718,0.4917,True
2073,500000,3.1148,2.6685,0.4463,True
2074,500000,3.0925,2.6655,0.4270,False
2075,500000,3.1109,2.6668,0.4441,True
2076,500000,3.0881,2.6645,0.4235,False
2077,500000,3.1064,2.6663,0.4401,False
2078,500000,3.1218,2.6672,0.4545,False
2079,500000,3.1400,2.6681,0.4719,False
2080,500000,3.1585,2.6702,0.4883,False
2081,500000,3.1768,2.6714,0.5054,True
2082,500000,3.1153,2.6670,0.4483,False
2083,500000,3.1357,2.6686,0.4671,False
2084,500000,3.1541,2.6699,0.4842,False
2085,500000,3.1708,2.6716,0.4993,False
2086,500000,3.1872,2.6724,0.5147,False
2087,500000,3.2041,2.6737,0.5304,False
2088,500000,3.2190,2.6750,0.5441,False
2089,500000,3.2322,2.6761,0.5560,False
2090,500000,3.2477,2.6779,0.5698,True
2091,500000,3.1531,2.6721,0.4810,False
2092,500000,3.1709,2.6730,0.4979,False
2093,500000,3.1859,2.6745,0.5114,False
2094,500000,3.2003,2.6751,0.5252,False
2095,500000,3.2159,2.6766,0.5393,False
2096,500000,3.2327,2.6781,0.5546,False
2097,500000,3.2456,2.6791,0.5666,False
2098,500000,3.2599,2.6804,0.5795,False
2099,500000,3.2753,2.6813,0.5940,False
2100,500000,3.2880,2.6830,0.6050,False
2101,500000,3.3010,2.6840,0.6170,True
2102,500000,3.1807,2.6765,0.5042,False
2103,500000,3.1976,2.6782,0.5194,False
2104,500000,3.2146,2.6798,0.5347,False
2105,500000,3.2273,2.6807,0.5466,False
2106,500000,3.2397,2.6811,0.5586,False
2107,500000,3.2536,2.6829,0.5707,False
2108,500000,3.2645,2.6835,0.5811,False
2109,500000,3.2778,2.6852,0.5926,False
2110,500000,3.2893,2.6857,0.6037,False
2111,500000,3.3025,2.6866,0.6158,False
2112,500000,3.3127,2.6871,0.6256,False
2113,500000,3.3224,2.6876,0.6348,False
2114,500000,3.3349,2.6894,0.6455,False
2115,500000,3.3440,2.6899,0.6541,True
2116,500000,3.2011,2.6812,0.5199,False
2117,500000,3.2162,2.6819,0.5343,False
2118,500000,3.2281,2.6828,0.5453,True
2119,500000,3.1565,2.6767,0.4798,True
2120,500000,3.1207,2.6734,0.4472,False
2121,500000,3.1372,2.6744,0.4628,False
2122,500000,3.1524,2.6751,0.4773,True
2123,500000,3.1133,2.6716,0.4417,False
2124,500000,3.1293,2.6720,0.4573,False
2125,500000,3.1448,2.6731,0.4716,False
2126,500000,3.1618,2.6744,0.4873,False
2127,500000,3.1772,2.6747,0.5025,False
2128,500000,3.1926,2.6764,0.5162,False
2129,500000,3.2068,2.6773,0.5296,False
2130,500000,3.2226,2.6783,0.5443,False
2131,500000,3.2353,2.6791,0.5563,True
2132,500000,3.1490,2.6733,0.4757,False
2133,500000,3.1659,2.6741,0.4918,False
2134,500000,3.1797,2.6747,0.5051,True
2135,500000,3.1273,2.6707,0.4566,False
2136,500000,3.1423,2.6711,0.4713,False
2137,500000,3.1568,2.6721,0.4848,False
2138,500000,3.1741,2.6737,0.5004,False
2139,500000,3.1883,2.6740,0.5142,False
2140,500000,3.2051,2.6759,0.5292,False
2141,500000,3.2201,2.6768,0.5433,False
2142,500000,3.2346,2.6782,0.5564,True
2143,500000,3.1487,2.6716,0.4771,True
2144,500000,3.1150,2.6684,0.4465,True
2145,500000,3.0856,2.6653,0.4203,False
2146,500000,3.1049,2.6659,0.4390,False
2147,500000,3.1236,2.6675,0.4560,False
2148,500000,3.1414,2.6690,0.4724,False
2149,500000,3.1592,2.6702,0.4890,False
2150,500000,3.1767,2.6713,0.5054,False
2151,500000,3.1944,2.6730,0.5214,False
2152,500000,3.2099,2.6732,0.5367,False
2153,500000,3.2283,2.6754,0.5529,False
2154,500000,3.2429,2.6763,0.5666,False
2155,500000,3.2564,2.6778,0.5786,True
2156,500000,3.1554,2.6711,0.4843,False
2157,500000,3.1714,2.6719,0.4995,False
2158,500000,3.1889,2.6732,0.5157,True
2159,500000,3.1318,2.6690,0.4628,False
2160,500000,3.1467,2.6695,0.4772,False
2161,500000,3.1645,2.6711,0.4934,False
2162,500000,3.1809,2.6714,0.5095,False
2163,500000,3.1959,2.6733,0.5225,True
2164,500000,3.1345,2.6693,0.4651,False
2165,500000,3.1505,2.6698,0.4807,True
2166,500000,3.1116,2.6670,0.4447,True
2167,500000,3.0905,2.6640,0.4266,False
2168,500000,3.1095,2.6655,0.4440,True
2169,500000,3.0863,2.6625,0.4238,False
2170,500000,3.1078,2.6645,0.4432,False
2171,500000,3.1266,2.6662,0.4604,True
2172,500000,3.0934,2.6628,0.4306,False
2173,500000,3.1102,2.6639,0.4463,False
2174,500000,3.1286,2.6649,0.4637,False
2175,500000,3.1440,2.6653,0.4787,False
2176,500000,3.1627,2.6669,0.4958,False
2177,500000,3.1815,2.6691,0.5124,False
2178,500000,3.1961,2.6689,0.5272,False
2179,500000,3.2132,2.6710,0.5421,True
2180,500000,3.1354,2.6659,0.4694,True
2181,500000,3.1030,2.6635,0.4395,False
2182,500000,3.1228,2.6656,0.4572,False
2183,500000,3.1391,2.6661,0.4730,False
2184,500000,3.1574,2.6670,0.4903,False
2185,500000,3.1703,2.6676,0.5026,True
2186,500000,3.1163,2.6632,0.4531,True
2187,500000,3.0914,2.6608,0.4305,False
2188,500000,3.1118,2.6619,0.4499,False
2189,500000,3.1282,2.6641,0.4641,False
2190,500000,3.1467,2.6655,0.4812,False
2191,500000,3.1657,2.6663,0.4994,True
2192,500000,3.1159,2.6637,0.4522,False
2193,500000,3.1328,2.6638,0.4690,True
2194,500000,3.0972,2.6612,0.4360,False
2195,500000,3.1183,2.6626,0.4557,False
2196,500000,3.1367,2.6639,0.4728,False
2197,500000,3.1541,2.6651,0.4890,True
2198,500000,3.1074,2.6618,0.4456,False
2199,500000,3.1268,2.6636,0.4632,True
2200,500000,3.0958,2.6612,0.4346,True
2201,500000,3.0790,2.6587,0.4203,False
2202,500000,3.1000,2.6601,0.4399,False
2203,500000,3.1185,2.6619,0.4566,False
2204,500000,3.1373,2.6629,0.4744,False
2205,500000,3.1546,2.6650,0.4896,False
2206,500000,3.1710,2.6657,0.5053,False
2207,500000,3.1898,2.6666,0.5232,False
2208,500000,3.2077,2.6689,0.5388,False
2209,500000,3.2234,2.6700,0.5534,False
2210,500000,3.2407,2.6718,0.5689,False
2211,500000,3.2546,2.6723,0.5822,False
2212,500000,3.2701,2.6736,0.5965,False
2213,500000,3.2859,2.6751,0.6108,False
2214,500000,3.3001,2.6767,0.6234,False
2215,500000,3.3105,2.6771,0.6334,False
2216,500000,3.3244,2.6787,0.6456,False
2217,500000,3.3391,2.6807,0.6584,False
2218,500000,3.3518,2.6819,0.6698,False
2219,500000,3.3646,2.6834,0.6813,False
2220,500000,3.3750,2.6841,0.6909,True
2221,500000,3.2093,2.6747,0.5346,True
2222,500000,3.1507,2.6712,0.4795,True
2223,500000,3.1171,2.6676,0.4495,False
2224,500000,3.1324,2.6681,0.4644,False
2225,500000,3.1479,2.6687,0.4791,False
2226,500000,3.1645,2.6711,0.4934,False
2227,500000,3.1781,2.6719,0.5062,False
2228,500000,3.1923,2.6732,0.5191,True
2229,500000,3.1310,2.6681,0.4630,False
2230,500000,3.1474,2.6693,0.4781,False
2231,500000,3.1609,2.6704,0.4905,True
2232,500000,3.1150,2.6667,0.4483,False
2233,500000,3.1333,2.6674,0.4659,False
2234,500000,3.1489,2.6680,0.4809,False
2235,500000,3.1648,2.6690,0.4958,False
2236,500000,3.1782,2.6703,0.5080,True
2237,500000,3.1236,2.6669,0.4566,False
2238,500000,3.1403,2.6676,0.4727,False
2239,500000,3.1560,2.6688,0.4872,False
2240,500000,3.1721,2.6696,0.5025,True
2241,500000,3.1198,2.6653,0.4546,False
2242,500000,3.1366,2.6670,0.4696,True
2243,500000,3.1007,2.6635,0.4372,False
2244,500000,3.1205,2.6646,0.4559,False
2245,500000,3.1313,2.6652,0.4661,False
2246,500000,3.1465,2.6655,0.4810,False
2247,500000,3.1645,2.6673,0.4973,False
2248,500000,3.1809,2.6687,0.5122,False
2249,500000,3.1987,2.6708,0.5279,False
2250,500000,3.2150,2.6719,0.5431,False
2251,500000,3.2305,2.6730,0.5575,False
2252,500000,3.2477,2.6740,0.5737,False
2253,500000,3.2618,2.6746,0.5873,False
2254,500000,3.2789,2.6770,0.6019,False
2255,500000,3.2918,2.6778,0.6139,False
2256,500000,3.3039,2.6784,0.6255,False
2257,500000,3.3192,2.6792,0.6399,False
2258,500000,3.3354,2.6815,0.6540,False
2259,500000,3.3465,2.6821,0.6643,False
2260,500000,3.3593,2.6846,0.6747,False
2261,500000,3.3698,2.6853,0.6845,False
2262,500000,3.3841,2.6870,0.6971,True
2263,500000,3.2193,2.6778,0.5415,False
2264,500000,3.2347,2.6792,0.5555,False
2265,500000,3.2469,2.6808,0.5661,False
2266,500000,3.2574,2.6815,0.5760,True
2267,500000,3.1741,2.6757,0.4984,False
2268,500000,3.1875,2.6767,0.5108,False
2269,500000,3.2002,2.6774,0.5229,False
2270,500000,3.2153,2.6780,0.5373,False
2271,500000,3.2264,2.6791,0.5473,False
2272,500000,3.2393,2.6801,0.5592,True
2273,500000,3.1606,2.6740,0.4865,False
2274,500000,3.1751,2.6750,0.5002,False
2275,500000,3.1917,2.6752,0.5165,False
2276,500000,3.2053,2.6766,0.5287,False
2277,500000,3.2168,2.6771,0.5397,False
2278,500000,3.2292,2.6792,0.5499,False
2279,500000,3.2418,2.6794,0.5624,False
2280,500000,3.2530,2.6797,0.5733,False
2281,500000,3.2639,2.6805,0.5835,False
2282,500000,3.2740,2.6810,0.5930,False
2283,500000,3.2880,2.6829,0.6051,False
2284,500000,3.2991,2.6831,0.6160,False
2285,500000,3.3099,2.6845,0.6254,False
2286,500000,3.3209,2.6845,0.6364,True
2287,500000,3.1950,2.6772,0.5178,False
2288,500000,3.2084,2.6781,0.5302,False
2289,500000,3.2204,2.6786,0.5418,False
2290,500000,3.2335,2.6793,0.5543,True
2291,500000,3.1619,2.6742,0.4877,True
2292,500000,3.1232,2.6701,0.4531,False
2293,500000,3.1391,2.6709,0.4682,False
2294,500000,3.1516,2.6705,0.4811,False
2295,500000,3.1668,2.6718,0.4950,False
2296,500000,3.1854,2.6733,0.5121,False
2297,500000,3.1996,2.6745,0.5251,False
2298,500000,3.2121,2.6747,0.5374,False
2299,500000,3.2288,2.6760,0.5528,False
2300,500000,3.2414,2.6776,0.5637,False
2301,500000,3.2544,2.6777,0.5766,False
2302,500000,3.2670,2.6788,0.5882,True
2303,500000,3.1680,2.6723,0.4958,False
2304,500000,3.1828,2.6726,0.5102,False
2305,500000,3.1984,2.6745,0.5239,False
2306,500000,3.2128,2.6749,0.5380,False
2307,500000,3.2251,2.6759,0.5493,False
2308,500000,3.2372,2.6779,0.5592,True
2309,500000,3.1560,2.6708,0.4852,False
2310,500000,3.1721,2.6716,0.5005,False
2311,500000,3.1872,2.6729,0.5143,False
2312,500000,3.2037,2.6745,0.5292,False
2313,500000,3.2166,2.6761,0.5405,True
2314,500000,3.1464,2.6699,0.4765,True
2315,500000,3.1126,2.6661,0.4465,False
2316,500000,3.1287,2.6678,0.4609,True
2317,500000,3.0987,2.6641,0.4346,False
2318,500000,3.1158,2.6647,0.4511,False
2319,500000,3.1328,2.6653,0.4675,False
2320,500000,3.1484,2.6670,0.4814,False
2321,500000,3.1646,2.6683,0.4963,False
2322,500000,3.1786,2.6692,0.5095,False
2323,500000,3.1955,2.6703,0.5252,False
2324,500000,3.2127,2.6718,0.5409,False
2325,500000,3.2281,2.6723,0.5558,True
2326,500000,3.1465,2.6665,0.4800,True
2327,500000,3.1116,2.6632,0.4484,False
2328,500000,3.1298,2.6642,0.4656,False
2329,500000,3.1480,2.6659,0.4822,True
2330,500000,3.1088,2.6628,0.4461,False
2331,500000,3.1234,2.6629,0.4605,True
2332,500000,3.0944,2.6602,0.4342,False
2333,500000,3.1159,2.6616,0.4543,False
2334,500000,3.1294,2.6617,0.4677,False
2335,500000,3.1472,2.6629,0.4843,False
2336,500000,3.1632,2.6645,0.4986,False
2337,500000,3.1787,2.6659,0.5128,False
2338,500000,3.1963,2.6671,0.5292,False
2339,500000,3.2134,2.6681,0.5453,True
2340,500000,3.1405,2.6630,0.4775,False
2341,500000,3.1572,2.6650,0.4922,False
2342,500000,3.1715,2.6659,0.5057,False
2343,500000,3.1866,2.6665,0.5201,False
2344,500000,3.2025,2.6669,0.5356,False
2345,500000,3.2167,2.6686,0.5480,False
2346,500000,3.2322,2.6700,0.5623,False
2347,500000,3.2466,2.6708,0.5758,False
2348,500000,3.2618,2.6724,0.5895,False
2349,500000,3.2779,2.6740,0.6038,False
2350,500000,3.2906,2.6746,0.6159,False
2351,500000,3.3045,2.6750,0.6295,False
2352,500000,3.3170,2.6772,0.6398,False
2353,500000,3.3294,2.6783,0.6511,False
2354,500000,3.3426,2.6800,0.6626,False
2355,500000,3.3559,2.6810,0.6750,False
2356,500000,3.3692,2.6829,0.6862,False
2357,500000,3.3779,2.6830,0.6949,False
2358,500000,3.3876,2.6849,0.7027,False
2359,500000,3.3982,2.6857,0.7125,False
2360,500000,3.4095,2.6878,0.7218,False
2361,500000,3.4202,2.6902,0.7300,False
2362,500000,3.4283,2.6909,0.7373,False
2363,500000,3.4359,2.6923,0.7436,False
2364,500000,3.4450,2.6932,0.7518,False
2365,500000,3.4509,2.6944,0.7565,False
2366,500000,3.4597,2.6958,0.7640,False
2367,500000,3.4622,2.6962,0.7661,False
2368,500000,3.4696,2.6978,0.7719,False
2369,500000,3.4768,2.6984,0.7783,True
2370,500000,3.2760,2.6858,0.5902,False
2371,500000,3.2862,2.6867,0.5994,False
2372,500000,3.2947,2.6869,0.6079,False
2373,500000,3.3052,2.6884,0.6168,False
2374,500000,3.3090,2.6883,0.6207,False
2375,500000,3.3153,2.6889,0.6264,False
2376,500000,3.3256,2.6900,0.6356,False
2377,500000,3.3297,2.6897,0.6400,True
2378,500000,3.2159,2.6805,0.5354,False
2379,500000,3.2258,2.6813,0.5445,False
2380,500000,3.2377,2.6824,0.5552,False
2381,500000,3.2457,2.6824,0.5633,False
2382,500000,3.2582,2.6839,0.5743,False
2383,500000,3.2664,2.6843,0.5821,False
2384,500000,3.2746,2.6842,0.5905,False
2385,500000,3.2830,2.6860,0.5970,True
2386,500000,3.1888,2.6774,0.5115,False
2387,500000,3.2005,2.6782,0.5223,False
2388,500000,3.2123,2.6796,0.5327,True
2389,500000,3.1529,2.6739,0.4789,True
2390,500000,3.1198,2.6691,0.4506,False
2391,500000,3.1304,2.6699,0.4605,False
2392,500000,3.1471,2.6713,0.4757,False
2393,500000,3.1595,2.6713,0.4882,False
2394,500000,3.1737,2.6723,0.5014,False
2395,500000,3.1877,2.6727,0.5150,False
2396,500000,3.2042,2.6741,0.5301,False
2397,500000,3.2170,2.6760,0.5410,False
2398,500000,3.2297,2.6764,0.5533,False
2399,500000,3.2448,2.6782,0.5666,False
2400,500000,3.2580,2.6784,0.5796,False
2401,500000,3.2729,2.6795,0.5935,False
2402,500000,3.2855,2.6796,0.6059,True
2403,500000,3.1826,2.6722,0.5104,False
2404,500000,3.1976,2.6741,0.5234,True
2405,500000,3.1466,2.6689,0.4778,False
2406,500000,3.1606,2.6699,0.4906,False
2407,500000,3.1756,2.6714,0.5042,False
2408,500000,3.1892,2.6719,0.5173,False
2409,500000,3.2038,2.6726,0.5311,False
2410,500000,3.2190,2.6755,0.5435,False
2411,500000,3.2324,2.6755,0.5569,True
2412,500000,3.1578,2.6694,0.4884,False
2413,500000,3.1719,2.6708,0.5011,True
2414,500000,3.1265,2.6661,0.4604,False
2415,500000,3.1446,2.6678,0.4768,False
2416,500000,3.1594,2.6681,0.4913,True
2417,500000,3.1197,2.6643,0.4553,False
2418,500000,3.1374,2.6649,0.4726,False
2419,500000,3.1541,2.6668,0.4873,False
2420,500000,3.1700,2.6681,0.5018,False
2421,500000,3.1864,2.6692,0.5172,False
2422,500000,3.1982,2.6696,0.5285,False
2423,500000,3.2132,2.6705,0.5427,True
2424,500000,3.1457,2.6663,0.4794,False
2425,500000,3.1617,2.6668,0.4949,False
2426,500000,3.1743,2.6673,0.5070,True
2427,10681,1.9003,1.7408,0.1595,False
2428,21098,2.0932,1.9120,0.1813,False
2429,31835,2.3336,2.1294,0.2042,False
2430,42326,2.5258,2.2969,0.2289,False
2431,52480,2.6704,2.4130,0.2573,False
2432,62977,2.7686,2.4883,0.2803,False
2433,73165,2.8410,2.5364,0.3046,False
2434,83508,2.8927,2.5654,0.3273,False
2435,93895,2.9411,2.5922,0.3489,False
2436,104376,2.9836,2.6112,0.3725,False
2437,114520,3.0202,2.6256,0.3946,True
2438,124749,2.7396,2.4823,0.2573,False
2439,135719,2.7869,2.5059,0.2809,False
2440,146152,2.8338,2.5268,0.3070,False
2441,156845,2.8718,2.5424,0.3294,False
2442,167123,2.9053,2.5560,0.3493,False
2443,177525,2.9397,2.5686,0.3711,False
2444,187768,2.9697,2.5789,0.3908,False
2445,198361,2.9964,2.5874,0.4090,False
2446,208854,3.0199,2.5939,0.4261,True
2447,218941,2.8774,2.5561,0.3213,False
2448,229617,2.9113,2.5663,0.3450,False
2449,239753,2.9377,2.5750,0.3627,False
2450,250060,2.9613,2.5809,0.3805,False
2451,260591,2.9871,2.5876,0.3995,True
2452,270910,2.9162,2.5709,0.3454,False
2453,280954,2.9440,2.5785,0.3655,False
2454,291232,2.9661,2.5840,0.3821,False
2455,301531,2.9893,2.5907,0.3986,False
2456,311823,3.0098,2.5955,0.4143,False
2457,322296,3.0281,2.5996,0.4284,True
2458,332491,2.9700,2.5927,0.3773,False
2459,342821,2.9887,2.5961,0.3926,False
2460,353346,3.0101,2.6009,0.4092,False
2461,363605,3.0283,2.6048,0.4235,False
2462,373939,3.0450,2.6088,0.4362,False
2463,384377,3.0632,2.6121,0.4511,True
2464,394783,3.0135,2.6099,0.4036,True
2465,405132,2.9971,2.6085,0.3886,True
2466,415593,2.9898,2.6076,0.3822,False
2467,425923,3.0073,2.6109,0.3964,False
2468,436153,3.0222,2.6133,0.4090,False
2469,446164,3.0398,2.6167,0.4232,False
2470,456364,3.0554,2.6192,0.4362,True
2471,466638,3.0317,2.6191,0.4127,False
2472,476792,3.0486,2.6220,0.4265,False
2471,14504,2.0062,1.8265,0.1797,False
2472,28622,2.2437,2.0406,0.2031,False
2473,43034,2.5090,2.2689,0.2401,False
2474,57674,2.6874,2.4140,0.2734,False
2475,72130,2.8014,2.4958,0.3056,False
2476,86283,2.8896,2.5481,0.3415,False
2477,100804,2.9552,2.5828,0.3724,False
2478,115197,3.0082,2.6031,0.4051,True
2479,129064,2.7336,2.4641,0.2695,False
2480,143632,2.7987,2.4972,0.3014,False
2481,157316,2.8508,2.5189,0.3318,True
2482,171523,2.7612,2.4683,0.2929,False
2483,185761,2.8154,2.4900,0.3253,False
2484,199318,2.8654,2.5096,0.3558,True
2485,213427,2.8039,2.4868,0.3171,False
2486,227620,2.8498,2.5020,0.3478,False
2487,241654,2.8903,2.5167,0.3736,False
2488,255635,2.9287,2.5291,0.3996,False
2489,269827,2.9635,2.5402,0.4233,False
2490,284048,2.9981,2.5503,0.4479,False
2491,298392,3.0290,2.5580,0.4710,False
2492,312693,3.0539,2.5648,0.4891,True
2493,327476,2.9661,2.5607,0.4053,True
2494,341642,2.9492,2.5618,0.3874,True
2495,356348,2.9438,2.5644,0.3794,False
2496,370974,2.9769,2.5721,0.4049,False
2497,386039,3.0030,2.5773,0.4257,False
2498,400779,3.0266,2.5825,0.4441,False
2499,415191,3.0509,2.5887,0.4622,False
2500,429258,3.0745,2.5930,0.4814,False
2501,443546,3.0938,2.5978,0.4960,False
2502,458032,3.1122,2.6003,0.5119,False
2503,472489,3.1336,2.6049,0.5287,False
2504,486770,3.1488,2.6069,0.5418,False
2505,500000,3.1659,2.6125,0.5534,False
2506,500000,3.1878,2.6149,0.5729,False
2507,500000,3.2041,2.6185,0.5856,False
2508,500000,3.2189,2.6217,0.5972,False
2509,500000,3.2414,2.6277,0.6137,False
2510,500000,3.2573,2.6305,0.6268,False
2511,500000,3.2757,2.6339,0.6418,False
2512,500000,3.2908,2.6384,0.6524,False
2513,500000,3.3053,2.6418,0.6634,False
2514,500000,3.3220,2.6456,0.6764,True
2515,500000,3.1818,2.6416,0.5403,True
2516,500000,3.1317,2.6412,0.4905,False
2517,500000,3.1481,2.6439,0.5042,False
2518,500000,3.1615,2.6462,0.5153,False
2519,500000,3.1771,2.6488,0.5283,False
2520,500000,3.1882,2.6499,0.5382,False
2521,500000,3.2011,2.6523,0.5489,False
2522,500000,3.2148,2.6545,0.5603,True
2523,500000,3.1462,2.6513,0.4949,True
2524,500000,3.1145,2.6489,0.4656,False
2525,500000,3.1280,2.6511,0.4769,False
2526,500000,3.1434,2.6526,0.4909,False
2527,500000,3.1584,2.6550,0.5034,True
2528,500000,3.1173,2.6523,0.4650,False
2529,500000,3.1298,2.6530,0.4767,False
2530,500000,3.1436,2.6540,0.4896,False
2531,500000,3.1583,2.6558,0.5025,False
2532,500000,3.1717,2.6574,0.5143,False
2533,500000,3.1854,2.6585,0.5269,False
2534,500000,3.1974,2.6596,0.5378,False
2535,500000,3.2117,2.6617,0.5500,False
2536,500000,3.2242,2.6624,0.5618,False
2537,500000,3.2342,2.6628,0.5715,True
2538,500000,3.1504,2.6586,0.4919,False
2539,500000,3.1662,2.6597,0.5065,False
2540,500000,3.1764,2.6603,0.5160,False
2541,500000,3.1899,2.6624,0.5276,False
2542,500000,3.2022,2.6628,0.5394,False
2543,500000,3.2149,2.6657,0.5492,False
2544,500000,3.2261,2.6652,0.5609,False
2545,500000,3.2379,2.6668,0.5711,False
2546,500000,3.2508,2.6681,0.5826,True
2547,500000,3.1607,2.6618,0.4989,False
2548,500000,3.1740,2.6631,0.5108,False
2549,500000,3.1868,2.6643,0.5224,False
2550,500000,3.1996,2.6656,0.5340,False
2551,500000,3.2113,2.6665,0.5448,True
2552,500000,3.1467,2.6624,0.4842,False
2553,500000,3.1617,2.6634,0.4983,False
2554,500000,3.1745,2.6648,0.5097,True
2555,500000,3.1301,2.6604,0.4697,False
2556,500000,3.1430,2.6609,0.4821,True
2557,500000,3.1135,2.6587,0.4549,False
2558,500000,3.1252,2.6598,0.4654,False
2559,500000,3.1424,2.6617,0.4807,False
2560,500000,3.1551,2.6627,0.4925,False
2561,500000,3.1684,2.6630,0.5054,True
2562,500000,3.1219,2.6606,0.4613,True
2563,500000,3.0999,2.6577,0.4422,False
2564,500000,3.1161,2.6587,0.4573,False
2565,500000,3.1317,2.6596,0.4720,False
2566,500000,3.1436,2.6601,0.4835,False
2567,500000,3.1606,2.6616,0.4990,False
2568,500000,3.1752,2.6635,0.5116,True
2569,500000,3.1219,2.6592,0.4626,False
2570,500000,3.1388,2.6612,0.4776,True
2571,500000,3.0972,2.6561,0.4411,False
2572,500000,3.1141,2.6571,0.4570,False
2573,500000,3.1297,2.6586,0.4711,False
2574,500000,3.1434,2.6593,0.4841,False
2575,500000,3.1575,2.6614,0.4961,False
2576,500000,3.1715,2.6625,0.5091,False
2577,500000,3.1835,2.6630,0.5205,False
2578,500000,3.2011,2.6642,0.5369,False
2579,500000,3.2133,2.6656,0.5478,False
2580,500000,3.2268,2.6669,0.5599,False
2581,500000,3.2403,2.6681,0.5722,False
2582,500000,3.2533,2.6695,0.5838,False
2583,500000,3.2663,2.6700,0.5963,False
2584,500000,3.2789,2.6724,0.6065,False
2585,500000,3.2914,2.6738,0.6175,False
2586,500000,3.3036,2.6751,0.6285,False
2587,500000,3.3151,2.6757,0.6395,False
2588,500000,3.3237,2.6764,0.6473,False
2589,500000,3.3357,2.6784,0.6573,False
2590,500000,3.3469,2.6801,0.6668,False
2591,500000,3.3570,2.6813,0.6757,False
2592,500000,3.3666,2.6822,0.6844,False
2593,500000,3.3758,2.6835,0.6923,False
2594,500000,3.3860,2.6850,0.7009,False
2595,500000,3.3988,2.6880,0.7108,False
2596,500000,3.4054,2.6881,0.7173,False
2597,500000,3.4136,2.6895,0.7240,False
2598,500000,3.4227,2.6914,0.7313,False
2599,500000,3.4290,2.6927,0.7362,False
2600,500000,3.4333,2.6932,0.7401,False
2601,500000,3.4454,2.6948,0.7506,False
2602,500000,3.4520,2.6962,0.7558,False
2603,500000,3.4611,2.6968,0.7643,False
2604,500000,3.4645,2.6979,0.7666,False
2605,500000,3.4715,2.6985,0.7729,False
2606,500000,3.4692,2.6987,0.7704,False
2607,500000,3.4716,2.6985,0.7731,False
2608,500000,3.4686,2.6983,0.7703,False
2609,500000,3.4699,2.6983,0.7716,False
2610,500000,3.4653,2.6976,0.7677,False
2611,500000,3.4680,2.6976,0.7704,False
2612,500000,3.4673,2.6983,0.7690,False
2613,500000,3.4731,2.6987,0.7744,False
2614,500000,3.4712,2.6985,0.7727,True
2615,500000,3.2654,2.6845,0.5809,False
2616,500000,3.2707,2.6846,0.5860,False
2617,500000,3.2768,2.6850,0.5918,False
2618,500000,3.2816,2.6850,0.5966,False
2619,500000,3.2888,2.6865,0.6023,False
2620,500000,3.2943,2.6866,0.6077,False
2621,500000,3.2974,2.6865,0.6109,False
2622,500000,3.3068,2.6872,0.6196,False
2623,500000,3.3115,2.6878,0.6237,False
2624,500000,3.3179,2.6883,0.6296,False
2625,500000,3.3255,2.6888,0.6367,True
2626,500000,3.2054,2.6786,0.5268,True
2627,500000,3.1498,2.6727,0.4771,False
2628,500000,3.1606,2.6729,0.4877,False
2629,500000,3.1705,2.6741,0.4964,False
2630,500000,3.1819,2.6745,0.5074,True
2631,500000,3.1344,2.6691,0.4653,False
2632,500000,3.1448,2.6691,0.4757,False
2633,500000,3.1578,2.6703,0.4874,False
2634,500000,3.1710,2.6720,0.4990,False
2635,500000,3.1847,2.6729,0.5118,False
2636,500000,3.1973,2.6731,0.5242,False
2637,500000,3.2094,2.6744,0.5350,False
2638,500000,3.2205,2.6752,0.5453,False
2639,500000,3.2334,2.6767,0.5567,False
2640,500000,3.2432,2.6767,0.5665,False
2641,500000,3.2562,2.6782,0.5779,True
2642,500000,3.1636,2.6704,0.4932,False
2643,500000,3.1777,2.6713,0.5064,True
2644,500000,3.1337,2.6672,0.4665,False
2645,500000,3.1476,2.6679,0.4797,False
2646,500000,3.1576,2.6671,0.4906,False
2647,500000,3.1723,2.6687,0.5036,False
2648,500000,3.1852,2.6702,0.5150,True
2649,500000,3.1301,2.6652,0.4649,False
2650,500000,3.1453,2.6659,0.4794,True
2651,500000,3.1138,2.6626,0.4512,False
2652,500000,3.1294,2.6640,0.4654,True
2653,500000,3.1044,2.6614,0.4431,True
2654,500000,3.0867,2.6582,0.4285,True
2655,500000,3.0754,2.6560,0.4194,False
2656,500000,3.0900,2.6564,0.4335,False
2657,500000,3.1088,2.6583,0.4505,False
2658,500000,3.1238,2.6582,0.4656,False
2659,500000,3.1411,2.6593,0.4818,False
2660,500000,3.1561,2.6607,0.4954,False
2661,500000,3.1696,2.6614,0.5082,True
2662,500000,3.1143,2.6568,0.4575,False
2663,500000,3.1297,2.6586,0.4711,False
2664,500000,3.1453,2.6595,0.4858,False
2665,500000,3.1595,2.6601,0.4994,False
2666,500000,3.1743,2.6610,0.5133,False
2667,500000,3.1887,2.6629,0.5258,True
2668,500000,3.1316,2.6593,0.4723,False
2669,500000,3.1443,2.6591,0.4851,False
2670,500000,3.1609,2.6608,0.5001,False
2671,500000,3.1690,2.6606,0.5083,True
2672,500000,3.1150,2.6558,0.4592,True
2673,500000,3.0936,2.6533,0.4403,False
2674,500000,3.1086,2.6543,0.4543,False
2675,500000,3.1260,2.6565,0.4695,False
2676,500000,3.1431,2.6581,0.4850,False
2677,500000,3.1571,2.6585,0.4986,False
2678,500000,3.1732,2.6604,0.5128,False
2679,500000,3.1876,2.6612,0.5265,False
2680,500000,3.2000,2.6630,0.5370,True
2681,500000,3.1313,2.6580,0.4733,False
2682,500000,3.1485,2.6595,0.4889,False
2683,500000,3.1630,2.6608,0.5022,False
2684,500000,3.1792,2.6621,0.5171,False
2685,500000,3.1939,2.6629,0.5310,False
2686,500000,3.2059,2.6642,0.5418,False
2687,500000,3.2212,2.6657,0.5555,False
2688,500000,3.2357,2.6666,0.5691,False
2689,500000,3.2479,2.6686,0.5792,False
2690,500000,3.2576,2.6693,0.5882,False
2691,500000,3.2711,2.6702,0.6009,False
2692,500000,3.2833,2.6718,0.6115,True
2693,500000,3.1710,2.6643,0.5067,False
2694,500000,3.1870,2.6659,0.5211,False
2695,500000,3.2004,2.6665,0.5338,False
2696,500000,3.2138,2.6682,0.5456,False
2697,500000,3.2258,2.6691,0.5567,False
2698,500000,3.2382,2.6699,0.5683,False
2699,500000,3.2517,2.6716,0.5801,False
2700,500000,3.2634,2.6714,0.5919,False
2701,500000,3.2737,2.6731,0.6006,True
2702,500000,3.1751,2.6660,0.5091,False
2703,500000,3.1870,2.6671,0.5199,False
2704,500000,3.1986,2.6682,0.5304,False
2705,500000,3.2113,2.6694,0.5418,False
2706,500000,3.2223,2.6698,0.5525,False
2707,500000,3.2332,2.6712,0.5621,False
2708,500000,3.2450,2.6722,0.5729,False
2709,500000,3.2565,2.6727,0.5837,False
2710,500000,3.2677,2.6736,0.5940,False
2711,500000,3.2787,2.6749,0.6038,False
2712,500000,3.2865,2.6752,0.6114,False
2713,500000,3.2948,2.6754,0.6193,False
2714,500000,3.3066,2.6777,0.6289,False
2715,500000,3.3184,2.6783,0.6401,False
2716,500000,3.3248,2.6791,0.6458,False
2717,500000,3.3316,2.6789,0.6527,True
2718,500000,3.1987,2.6703,0.5284,False
2719,500000,3.2094,2.6716,0.5378,True
2720,500000,3.1504,2.6663,0.4841,False
2721,500000,3.1633,2.6670,0.4963,False
2722,500000,3.1743,2.6681,0.5062,False
2723,500000,3.1855,2.6680,0.5175,False
2724,500000,3.1986,2.6698,0.5288,False
2725,500000,3.2100,2.6706,0.5394,True
2726,500000,3.1429,2.6644,0.4785,False
2727,500000,3.1562,2.6652,0.4910,False
2728,500000,3.1691,2.6654,0.5037,False
2729,500000,3.1817,2.6676,0.5141,False
2730,500000,3.1926,2.6675,0.5252,True
2731,500000,3.1345,2.6622,0.4723,False
2732,500000,3.1484,2.6628,0.4856,False
2733,500000,3.1617,2.6637,0.4980,False
2734,500000,3.1745,2.6655,0.5090,False
2735,500000,3.1862,2.6658,0.5204,False
2736,500000,3.1986,2.6665,0.5321,False
2737,500000,3.2087,2.6666,0.5421,False
2738,500000,3.2216,2.6681,0.5535,True
2739,500000,3.1490,2.6630,0.4860,True
2740,500000,3.1137,2.6589,0.4548,True
2741,500000,3.0932,2.6560,0.4372,False
2742,500000,3.1082,2.6572,0.4510,False
2743,500000,3.1223,2.6582,0.4641,True
2744,500000,3.0924,2.6540,0.4384,False
2745,500000,3.1082,2.6551,0.4531,False
2746,500000,3.1233,2.6568,0.4665,True
2747,500000,3.0947,2.6531,0.4416,False
2748,500000,3.1110,2.6540,0.4569,False
2749,500000,3.1279,2.6564,0.4715,False
2750,500000,3.1436,2.6577,0.4859,False
2751,500000,3.1582,2.6577,0.5005,False
2752,500000,3.1726,2.6585,0.5142,True
2753,500000,3.1198,2.6544,0.4654,False
2754,500000,3.1342,2.6565,0.4777,False
2755,500000,3.1493,2.6580,0.4914,False
2756,500000,3.1638,2.6586,0.5052,False
2757,500000,3.1765,2.6588,0.5177,True
2758,500000,3.1214,2.6546,0.4669,False
2759,500000,3.1370,2.6571,0.4799,False
2760,500000,3.1531,2.6573,0.4958,False
2761,500000,3.1667,2.6590,0.5077,False
2762,500000,3.1781,2.6590,0.5191,True
2763,500000,3.1234,2.6537,0.4697,False
2764,500000,3.1407,2.6564,0.4843,False
2765,500000,3.1550,2.6565,0.4986,False
2766,500000,3.1701,2.6584,0.5116,False
2767,500000,3.1846,2.6599,0.5247,False
2768,500000,3.1972,2.6605,0.5367,False
2769,500000,3.2102,2.6625,0.5476,False
2770,500000,3.2222,2.6629,0.5593,False
2771,500000,3.2346,2.6636,0.5710,False
2772,500000,3.2442,2.6635,0.5807,True
2773,500000,3.1560,2.6580,0.4980,True
2774,500000,3.1182,2.6549,0.4634,False
2775,500000,3.1319,2.6546,0.4773,False
2776,500000,3.1476,2.6565,0.4911,False
2777,500000,3.1622,2.6577,0.5044,True
2778,500000,3.1164,2.6542,0.4623,False
2779,500000,3.1336,2.6559,0.4778,False
2780,500000,3.1450,2.6555,0.4895,False
2781,500000,3.1576,2.6566,0.5010,False
2782,500000,3.1729,2.6579,0.5150,False
2783,500000,3.1860,2.6590,0.5271,False
2784,500000,3.1992,2.6603,0.5389,False
2785,500000,3.2122,2.6616,0.5506,False
2786,500000,3.2236,2.6619,0.5617,True
2787,500000,3.1472,2.6561,0.4911,True
2788,500000,3.1119,2.6521,0.4597,True
2789,500000,3.0906,2.6487,0.4418,False
2790,500000,3.1067,2.6505,0.4562,True
2791,500000,3.0846,2.6481,0.4366,False
2792,500000,3.1011,2.6487,0.4524,False
2793,500000,3.1183,2.6513,0.4670,False
2794,500000,3.1323,2.6513,0.4811,False
2795,500000,3.1488,2.6532,0.4956,True
2796,500000,3.1058,2.6490,0.4568,False
2797,500000,3.1209,2.6501,0.4708,False
2798,500000,3.1383,2.6518,0.4865,False
2799,500000,3.1535,2.6529,0.5007,False
2800,500000,3.1681,2.6541,0.5140,False
2801,500000,3.1830,2.6560,0.5270,False
2802,500000,3.1986,2.6576,0.5410,False
2803,500000,3.2119,2.6588,0.5531,False
2804,500000,3.2245,2.6598,0.5646,False
2805,500000,3.2386,2.6609,0.5777,False
2806,500000,3.2485,2.6614,0.5871,False
2807,500000,3.2641,2.6634,0.6007,False
2808,500000,3.2761,2.6648,0.6113,False
2809,500000,3.2893,2.6650,0.6243,False
2810,500000,3.2997,2.6667,0.6330,False
2811,500000,3.3122,2.6678,0.6444,False
2812,500000,3.3231,2.6695,0.6536,False
2813,500000,3.3347,2.6704,0.6643,False
2814,500000,3.3450,2.6717,0.6733,False
2815,500000,3.3520,2.6731,0.6789,True
2816,500000,3.2041,2.6629,0.5412,False
2817,500000,3.2180,2.6655,0.5525,False
2818,500000,3.2289,2.6668,0.5621,False
2819,500000,3.2418,2.6674,0.5745,False
2820,500000,3.2498,2.6683,0.5815,False
2821,500000,3.2622,2.6697,0.5925,True
2822,500000,3.1761,2.6632,0.5129,False
2823,500000,3.1888,2.6637,0.5251,False
2824,500000,3.2008,2.6657,0.5351,False
2825,500000,3.2101,2.6663,0.5438,True
2826,500000,3.1486,2.6611,0.4875,False
2827,500000,3.1626,2.6624,0.5001,False
2828,500000,3.1724,2.6622,0.5102,False
2829,500000,3.1847,2.6629,0.5218,False
2830,500000,3.1960,2.6637,0.5324,False
2831,500000,3.2074,2.6654,0.5420,False
2832,500000,3.2210,2.6661,0.5549,False
2833,500000,3.2293,2.6663,0.5630,False
2834,500000,3.2404,2.6677,0.5727,False
2835,500000,3.2522,2.6688,0.5834,True
2836,500000,3.1623,2.6615,0.5007,False
2837,500000,3.1730,2.6616,0.5114,False
2838,500000,3.1847,2.6629,0.5217,False
2839,500000,3.1967,2.6639,0.5328,False
2840,500000,3.2073,2.6641,0.5432,False
2841,500000,3.2200,2.6656,0.5544,False
2842,500000,3.2318,2.6667,0.5651,False
2843,500000,3.2415,2.6671,0.5744,True
2844,500000,3.1607,2.6611,0.4996,False
2845,500000,3.1718,2.6614,0.5105,False
2846,500000,3.1837,2.6626,0.5211,False
2847,500000,3.1950,2.6633,0.5317,True
2848,500000,3.1372,2.6577,0.4796,False
2849,500000,3.1503,2.6583,0.4920,False
2850,500000,3.1650,2.6598,0.5052,False
2851,500000,3.1772,2.6609,0.5163,False
2852,500000,3.1893,2.6629,0.5264,True
2853,500000,3.1322,2.6570,0.4752,False
2854,500000,3.1456,2.6578,0.4877,False
2855,500000,3.1593,2.6588,0.5005,False
2856,500000,3.1756,2.6610,0.5146,False
2857,500000,3.1857,2.6614,0.5243,False
2858,500000,3.1995,2.6615,0.5380,False
2859,500000,3.2126,2.6630,0.5496,False
2860,500000,3.2258,2.6644,0.5614,False
2861,500000,3.2364,2.6656,0.5709,False
2862,500000,3.2455,2.6649,0.5807,False
2863,500000,3.2603,2.6666,0.5937,False
2864,500000,3.2712,2.6681,0.6031,True
2865,500000,3.1718,2.6611,0.5108,False
2866,500000,3.1865,2.6620,0.5245,False
2867,500000,3.1975,2.6629,0.5345,False
2868,500000,3.2075,2.6627,0.5448,False
2869,500000,3.2239,2.6645,0.5594,False
2870,500000,3.2312,2.6653,0.5659,False
2871,500000,3.2422,2.6660,0.5762,False
2872,500000,3.2538,2.6669,0.5869,False
2873,500000,3.2640,2.6678,0.5962,False
2874,500000,3.2738,2.6683,0.6055,False
2875,500000,3.2872,2.6705,0.6167,False
2876,500000,3.2974,2.6707,0.6267,False
2877,500000,3.3058,2.6711,0.6347,False
2878,500000,3.3168,2.6730,0.6438,False
2879,500000,3.3266,2.6735,0.6531,False
2880,500000,3.3378,2.6755,0.6623,False
2881,500000,3.3488,2.6758,0.6730,False
2882,500000,3.3561,2.6773,0.6788,False
2883,500000,3.3652,2.6785,0.6867,False
2884,500000,3.3734,2.6792,0.6943,True
2885,500000,3.2243,2.6684,0.5560,True
2886,500000,3.1617,2.6626,0.4991,True
2887,500000,3.1250,2.6573,0.4678,False
2888,500000,3.1386,2.6589,0.4798,False
2889,500000,3.1508,2.6592,0.4917,False
2890,500000,3.1619,2.6589,0.5030,False
2891,500000,3.1753,2.6605,0.5148,True
2892,500000,3.1257,2.6562,0.4695,False
2893,500000,3.1375,2.6569,0.4805,False
2894,500000,3.1502,2.6586,0.4915,False
2895,500000,3.1628,2.6584,0.5045,False
2896,500000,3.1760,2.6594,0.5166,False
2897,500000,3.1879,2.6598,0.5281,False
2898,500000,3.1986,2.6605,0.5381,False
2899,500000,3.2112,2.6619,0.5493,False
2900,500000,3.2258,2.6626,0.5632,False
2901,500000,3.2365,2.6637,0.5728,False
2902,500000,3.2488,2.6648,0.5840,False
2903,500000,3.2610,2.6651,0.5958,False
2904,500000,3.2716,2.6667,0.6049,False
2905,500000,3.2825,2.6669,0.6156,False
2906,500000,3.2921,2.6677,0.6244,False
2907,500000,3.3041,2.6692,0.6350,False
2908,500000,3.3131,2.6696,0.6435,False
2892,14057,1.9986,1.8236,0.1750,False
2893,27610,2.2347,2.0314,0.2034,False
2894,41621,2.4907,2.2538,0.2369,False
2895,55427,2.6803,2.4085,0.2718,False
2896,68722,2.8013,2.4947,0.3066,False
2897,82556,2.8850,2.5478,0.3373,False
2898,96341,2.9476,2.5815,0.3661,False
2899,110189,3.0019,2.6059,0.3960,False
2900,123835,3.0432,2.6209,0.4224,False
2901,137587,3.0798,2.6338,0.4459,False
2902,151002,3.1103,2.6404,0.4699,False
2903,164808,3.1454,2.6503,0.4951,False
2904,178465,3.1780,2.6569,0.5210,True
2905,192411,2.9233,2.5855,0.3377,False
2906,205619,2.9560,2.5967,0.3593,True
2907,219192,2.8856,2.5598,0.3258,False
2908,232488,2.9174,2.5695,0.3479,False
2909,245947,2.9515,2.5782,0.3733,False
2910,259771,2.9815,2.5863,0.3952,False
2911,273623,3.0106,2.5929,0.4176,False
2912,287723,3.0372,2.5998,0.4374,False
2913,301146,3.0614,2.6047,0.4567,False
2914,315062,3.0869,2.6100,0.4769,False
2915,328818,3.1085,2.6149,0.4937,False
2916,342527,3.1298,2.6189,0.5109,False
2917,355810,3.1476,2.6226,0.5250,False
2918,369681,3.1638,2.6254,0.5384,False
2919,383426,3.1795,2.6287,0.5508,False
2920,396991,3.1964,2.6315,0.5648,False
2921,410704,3.2102,2.6341,0.5761,False
2922,424264,3.2246,2.6350,0.5896,True
2923,437719,3.1106,2.6300,0.4805,True
2924,451581,3.0775,2.6275,0.4500,False
2925,465125,3.0954,2.6306,0.4647,False
2926,478929,3.1094,2.6328,0.4766,False
2927,492162,3.1250,2.6346,0.4904,True
2928,500000,3.0982,2.6341,0.4641,False
2929,500000,3.1161,2.6367,0.4793,False
2930,500000,3.1315,2.6375,0.4940,False
2931,500000,3.1457,2.6393,0.5064,False
2932,500000,3.1593,2.6414,0.5179,True
2933,500000,3.1141,2.6393,0.4748,False
2934,500000,3.1304,2.6413,0.4891,True
2935,500000,3.1036,2.6388,0.4647,True
2936,500000,3.0868,2.6381,0.4487,False
2937,500000,3.1049,2.6393,0.4656,False
2938,500000,3.1204,2.6410,0.4793,False
2939,500000,3.1340,2.6433,0.4907,True
2940,500000,3.1013,2.6401,0.4612,False
2941,500000,3.1156,2.6415,0.4741,False
2942,500000,3.1302,2.6434,0.4868,False
2943,500000,3.1444,2.6447,0.4997,False
2944,500000,3.1564,2.6469,0.5095,False
2945,500000,3.1702,2.6482,0.5220,False
2946,500000,3.1821,2.6495,0.5326,False
2947,500000,3.1960,2.6508,0.5452,False
2948,500000,3.2049,2.6512,0.5537,False
2949,500000,3.2177,2.6523,0.5654,False
2950,500000,3.2293,2.6540,0.5753,True
2951,500000,3.1471,2.6484,0.4987,False
2952,500000,3.1625,2.6499,0.5126,False
2953,500000,3.1750,2.6520,0.5230,False
2954,500000,3.1873,2.6532,0.5341,False
2955,500000,3.1980,2.6541,0.5439,False
2956,500000,3.2096,2.6564,0.5532,False
2957,500000,3.2217,2.6574,0.5643,False
2958,500000,3.2331,2.6584,0.5747,False
2959,500000,3.2438,2.6594,0.5844,False
2960,500000,3.2545,2.6603,0.5942,True
2961,500000,3.1622,2.6534,0.5087,True
2962,500000,3.1271,2.6509,0.4762,False
2963,500000,3.1407,2.6516,0.4891,True
2964,500000,3.1099,2.6498,0.4601,True
2965,500000,3.0943,2.6465,0.4478,False
2966,500000,3.1060,2.6472,0.4588,False
2967,500000,3.1218,2.6490,0.4727,False
2968,500000,3.1343,2.6490,0.4852,False
2969,500000,3.1468,2.6502,0.4967,False
2970,500000,3.1614,2.6518,0.5096,False
2971,500000,3.1736,2.6532,0.5204,False
2972,500000,3.1858,2.6541,0.5317,False
2973,500000,3.1979,2.6556,0.5423,True
2974,500000,3.1320,2.6504,0.4816,True
2975,500000,3.1082,2.6481,0.4601,False
2976,500000,3.1221,2.6487,0.4734,False
2977,500000,3.1343,2.6494,0.4849,False
2978,500000,3.1508,2.6513,0.4994,False
2979,500000,3.1645,2.6525,0.5120,False
2980,500000,3.1761,2.6530,0.5232,False
2981,500000,3.1865,2.6536,0.5329,False
2982,500000,3.1974,2.6550,0.5424,False
2983,500000,3.2091,2.6561,0.5531,False
2984,500000,3.2208,2.6570,0.5638,False
2985,500000,3.2327,2.6593,0.5735,False
2986,500000,3.2443,2.6603,0.5839,True
2987,500000,3.1567,2.6543,0.5024,True
2988,500000,3.1215,2.6511,0.4704,False
2989,500000,3.1351,2.6508,0.4843,False
2990,500000,3.1469,2.6519,0.4950,False
2991,500000,3.1573,2.6523,0.5050,True
2992,500000,3.1118,2.6488,0.4630,False
2993,500000,3.1244,2.6483,0.4761,False
2994,500000,3.1390,2.6496,0.4894,False
2995,500000,3.1512,2.6509,0.5003,False
2996,500000,3.1640,2.6512,0.5128,False
2997,500000,3.1792,2.6536,0.5256,False
2992,13439,1.9968,1.8114,0.1853,False
2993,26894,2.2261,2.0149,0.2112,False
2994,40462,2.4715,2.2304,0.2412,False
2995,53751,2.6626,2.3842,0.2784,False
2996,67146,2.7909,2.4785,0.3124,False
2997,80141,2.8789,2.5332,0.3457,False
2998,93452,2.9436,2.5700,0.3736,False
2999,107177,2.9981,2.5945,0.4036,False
3000,120542,3.0395,2.6122,0.4273,False
3001,134101,3.0750,2.6229,0.4522,False
3002,147238,3.1094,2.6330,0.4764,False
3003,160995,3.1438,2.6426,0.5012,False
3004,174765,3.1701,2.6484,0.5217,False
3005,188422,3.1919,2.6529,0.5390,False
3006,202162,3.2184,2.6582,0.5602,False
3007,216176,3.2327,2.6604,0.5723,False
3008,229761,3.2560,2.6648,0.5911,False
3009,243218,3.2675,2.6660,0.6016,False
3010,256982,3.2840,2.6683,0.6157,False
3011,270593,3.3010,2.6715,0.6294,True
3012,284056,3.0607,2.6347,0.4260,False
3013,297613,3.0803,2.6382,0.4421,False
3014,311252,3.0989,2.6425,0.4564,False
3015,324740,3.1188,2.6449,0.4739,False
3016,338378,3.1363,2.6476,0.4887,False
3017,351681,3.1522,2.6499,0.5022,False
3018,365105,3.1678,2.6522,0.5157,False
3019,378541,3.1821,2.6547,0.5274,False
3020,391950,3.1956,2.6561,0.5394,False
3021,405156,3.2066,2.6573,0.5494,False
3022,418479,3.2171,2.6586,0.5586,False
3023,431917,3.2319,2.6606,0.5713,False
3024,445761,3.2417,2.6614,0.5803,False
3025,458933,3.2539,2.6636,0.5903,False
3026,472370,3.2607,2.6638,0.5969,False
3027,485880,3.2724,2.6655,0.6068,True
3028,499304,3.1736,2.6584,0.5153,False
3029,500000,3.1839,2.6590,0.5249,False
3030,500000,3.1960,2.6607,0.5353,False
3031,500000,3.2043,2.6600,0.5443,False
3032,500000,3.2148,2.6612,0.5536,False
3033,500000,3.2225,2.6628,0.5597,False
3034,500000,3.2332,2.6634,0.5698,False
3035,500000,3.2413,2.6642,0.5770,True
3036,500000,3.1647,2.6584,0.5062,True
3037,500000,3.1281,2.6536,0.4745,False
3038,500000,3.1394,2.6548,0.4846,False
3039,500000,3.1501,2.6554,0.4947,False
3040,500000,3.1619,2.6564,0.5055,False
3041,500000,3.1720,2.6566,0.5154,False
3042,500000,3.1857,2.6585,0.5272,False
3043,500000,3.1960,2.6595,0.5365,False
3044,500000,3.2078,2.6600,0.5478,False
3045,500000,3.2207,2.6608,0.5598,False
3046,500000,3.2304,2.6624,0.5680,False
3047,500000,3.2411,2.6637,0.5774,False
3048,500000,3.2509,2.6641,0.5867,False
3049,500000,3.2599,2.6645,0.5955,False
3050,500000,3.2697,2.6653,0.6044,False
3051,500000,3.2800,2.6668,0.6131,False
3052,500000,3.2870,2.6670,0.6201,False
3053,500000,3.2960,2.6681,0.6278,False
3054,500000,3.3055,2.6693,0.6362,True
3055,500000,3.1891,2.6604,0.5287,False
3056,500000,3.1967,2.6604,0.5364,False
3057,500000,3.2061,2.6610,0.5450,False
3058,500000,3.2186,2.6632,0.5554,False
3059,500000,3.2251,2.6633,0.5618,False
3060,500000,3.2359,2.6647,0.5712,False
3061,500000,3.2447,2.6647,0.5800,False
3062,500000,3.2530,2.6652,0.5878,False
3063,500000,3.2632,2.6667,0.5965,False
3064,500000,3.2712,2.6662,0.6050,False
3065,500000,3.2811,2.6687,0.6124,False
3066,500000,3.2879,2.6684,0.6195,False
3067,500000,3.2959,2.6690,0.6268,True
3068,500000,3.1903,2.6609,0.5294,False
3069,500000,3.1991,2.6615,0.5375,False
3070,500000,3.2067,2.6614,0.5453,False
3071,500000,3.2183,2.6631,0.5552,False
3072,500000,3.2291,2.6637,0.5654,True
3073,500000,3.1618,2.6580,0.5038,False
3074,500000,3.1710,2.6578,0.5132,False
3075,500000,3.1827,2.6600,0.5227,False
3076,500000,3.1908,2.6598,0.5310,False
3077,500000,3.2009,2.6608,0.5401,False
3078,500000,3.2112,2.6615,0.5497,False
3079,500000,3.2197,2.6617,0.5580,False
3080,500000,3.2287,2.6622,0.5664,False
3081,500000,3.2374,2.6635,0.5739,False
3082,500000,3.2484,2.6643,0.5841,True
3083,500000,3.1641,2.6568,0.5072,False
3084,500000,3.1740,2.6577,0.5163,False
3085,500000,3.1853,2.6588,0.5265,False
3086,500000,3.1948,2.6592,0.5356,False
3087,500000,3.2068,2.6608,0.5461,False
3088,500000,3.2155,2.6614,0.5542,False
3089,500000,3.2244,2.6609,0.5635,False
3090,500000,3.2364,2.6632,0.5731,False
3091,500000,3.2442,2.6643,0.5799,False
3092,500000,3.2498,2.6643,0.5856,False
3093,500000,3.2609,2.6652,0.5957,False
3094,500000,3.2693,2.6655,0.6038,False
3095,500000,3.2787,2.6678,0.6109,False
3096,500000,3.2863,2.6673,0.6190,False
3097,500000,3.2939,2.6689,0.6250,False
3098,500000,3.3029,2.6696,0.6333,True
3099,500000,3.1884,2.6603,0.5281,True
3100,500000,3.1382,2.6548,0.4834,False
3101,500000,3.1496,2.6554,0.4942,False
3102,500000,3.1605,2.6567,0.5038,False
3103,500000,3.1723,2.6582,0.5141,False
3104,500000,3.1837,2.6589,0.5249,False
3105,500000,3.1949,2.6604,0.5345,False
3106,500000,3.2045,2.6606,0.5438,True
3107,500000,3.1435,2.6556,0.4879,False
3108,500000,3.1541,2.6551,0.4990,True
3109,500000,3.1191,2.6514,0.4677,True
3110,500000,3.0984,2.6481,0.4502,False
3111,500000,3.1074,2.6480,0.4594,False
3112,500000,3.1200,2.6489,0.4711,False
3113,500000,3.1334,2.6497,0.4837,False
3114,500000,3.1465,2.6517,0.4948,False
3115,500000,3.1580,2.6524,0.5056,False
3116,500000,3.1707,2.6538,0.5169,False
3117,500000,3.1796,2.6533,0.5262,False
3118,500000,3.1943,2.6542,0.5401,False
3119,500000,3.2051,2.6550,0.5501,False
3120,500000,3.2180,2.6569,0.5611,False
3121,500000,3.2297,2.6576,0.5721,False
3122,500000,3.2395,2.6580,0.5815,False
3123,500000,3.2499,2.6585,0.5914,False
3124,500000,3.2595,2.6591,0.6005,False
3125,500000,3.2694,2.6603,0.6091,False
3110,13024,1.9983,1.8118,0.1865,False
3111,26225,2.2104,2.0032,0.2072,False
3112,39565,2.4702,2.2294,0.2408,False
3113,52326,2.6521,2.3775,0.2746,False
3114,65775,2.7783,2.4734,0.3050,False
3115,78889,2.8625,2.5289,0.3337,False
3116,92187,2.9279,2.5641,0.3639,False
3117,105615,2.9856,2.5901,0.3955,False
3118,119268,3.0319,2.6092,0.4227,False
3119,132203,3.0676,2.6214,0.4463,False
3120,145176,3.0988,2.6312,0.4677,False
3121,158257,3.1290,2.6378,0.4912,True
3122,171653,2.8720,2.5501,0.3219,False
3123,184657,2.9121,2.5640,0.3481,False
3124,198120,2.9476,2.5756,0.3720,False
3125,211233,2.9764,2.5833,0.3931,False
3126,224473,3.0049,2.5909,0.4141,False
3127,237655,3.0347,2.6003,0.4344,False
3128,250631,3.0592,2.6062,0.4530,False
3129,263541,3.0827,2.6110,0.4717,False
3130,276831,3.1013,2.6155,0.4858,True
3131,290250,2.9869,2.5931,0.3939,False
3132,303873,3.0133,2.5999,0.4135,False
3133,316949,3.0342,2.6037,0.4305,False
3134,329874,3.0540,2.6057,0.4483,False
3135,343443,3.0763,2.6119,0.4643,False
3136,356519,3.0946,2.6165,0.4781,False
3137,369615,3.1108,2.6183,0.4926,False
3138,382899,3.1285,2.6215,0.5070,False
3139,396132,3.1461,2.6245,0.5216,False
3140,409850,3.1624,2.6282,0.5342,False
3141,423396,3.1728,2.6286,0.5442,False
3142,436295,3.1891,2.6316,0.5575,True
3143,449789,3.1023,2.6260,0.4762,False
3144,463122,3.1197,2.6290,0.4907,False
3145,476648,3.1366,2.6325,0.5041,False
3146,489951,3.1473,2.6339,0.5134,False
3147,500000,3.1623,2.6354,0.5268,False
3148,500000,3.1763,2.6386,0.5377,False
3149,500000,3.1872,2.6391,0.5481,True
3150,500000,3.1270,2.6362,0.4908,False
3151,500000,3.1416,2.6378,0.5038,False
3152,500000,3.1558,2.6399,0.5159,False
3153,500000,3.1663,2.6417,0.5247,True
3154,500000,3.1210,2.6377,0.4833,False
3155,500000,3.1351,2.6396,0.4954,False
3156,500000,3.1481,2.6405,0.5076,True
3157,500000,3.1113,2.6374,0.4739,False
3158,500000,3.1258,2.6391,0.4866,False
3159,500000,3.1380,2.6409,0.4972,False
3160,500000,3.1486,2.6423,0.5063,False
3161,500000,3.1610,2.6428,0.5182,False
3162,500000,3.1726,2.6445,0.5281,False
3163,500000,3.1854,2.6461,0.5393,False
3164,500000,3.1969,2.6468,0.5501,False
3165,500000,3.2086,2.6481,0.5605,False
3166,500000,3.2183,2.6498,0.5685,False
3167,500000,3.2293,2.6513,0.5780,False
3168,500000,3.2408,2.6537,0.5871,False
3169,500000,3.2518,2.6541,0.5977,True
3170,500000,3.1576,2.6475,0.5100,False
3171,500000,3.1662,2.6479,0.5183,False
3172,500000,3.1784,2.6492,0.5292,False
3173,500000,3.1904,2.6513,0.5390,False
3174,500000,3.2001,2.6518,0.5482,False
3175,500000,3.2114,2.6540,0.5573,False
3176,500000,3.2193,2.6537,0.5656,False
3177,500000,3.2310,2.6553,0.5757,False
3178,500000,3.2411,2.6572,0.5839,False
3179,500000,3.2522,2.6586,0.5936,False
3180,500000,3.2609,2.6598,0.6012,False
3181,500000,3.2696,2.6602,0.6094,False
3182,500000,3.2778,2.6615,0.6162,False
3183,500000,3.2871,2.6621,0.6250,False
3184,500000,3.2952,2.6631,0.6321,False
3185,500000,3.3022,2.6653,0.6369,False
3186,500000,3.3120,2.6656,0.6464,False
3187,500000,3.3205,2.6670,0.6535,True
3188,500000,3.1927,2.6577,0.5350,False
3189,500000,3.2026,2.6588,0.5438,False
3190,500000,3.2121,2.6594,0.5527,False
3191,500000,3.2214,2.6606,0.5607,True
3192,500000,3.1543,2.6544,0.4999,True
3193,500000,3.1220,2.6505,0.4716,False
3194,500000,3.1314,2.6506,0.4808,False
3195,500000,3.1448,2.6523,0.4925,False
3196,500000,3.1550,2.6529,0.5022,False
3197,500000,3.1661,2.6532,0.5129,False
3198,500000,3.1761,2.6547,0.5214,False
3199,500000,3.1863,2.6553,0.5311,False
3200,500000,3.1979,2.6555,0.5423,False
3201,500000,3.2067,2.6567,0.5500,False
3202,500000,3.2175,2.6573,0.5602,False
3203,500000,3.2272,2.6581,0.5691,False
3204,500000,3.2370,2.6596,0.5774,False
3205,500000,3.2491,2.6599,0.5891,False
3206,500000,3.2558,2.6605,0.5953,False
3207,500000,3.2681,2.6617,0.6064,False
3208,500000,3.2738,2.6614,0.6124,False
3209,500000,3.2816,2.6627,0.6190,False
3210,500000,3.2894,2.6624,0.6269,False
3211,500000,3.2962,2.6628,0.6335,False
3212,500000,3.3055,2.6640,0.6415,False
3213,500000,3.3130,2.6637,0.6493,True
3214,500000,3.1907,2.6557,0.5350,False
3215,500000,3.1983,2.6543,0.5440,False
3216,500000,3.2092,2.6564,0.5528,False
3217,500000,3.2186,2.6571,0.5615,False
3218,500000,3.2272,2.6572,0.5699,True
3219,13047,1.9872,1.8040,0.1833,False
3220,26211,2.2161,2.0045,0.2115,False
3221,39488,2.4757,2.2295,0.2462,False
3222,52633,2.6635,2.3816,0.2819,False
3223,65685,2.7864,2.4734,0.3130,False
3224,78954,2.8827,2.5337,0.3490,False
3225,91937,2.9460,2.5693,0.3767,False
3226,104785,2.9933,2.5893,0.4041,False
3227,117862,3.0406,2.6081,0.4325,False
3228,130863,3.0772,2.6196,0.4576,False
3229,144131,3.1081,2.6290,0.4791,False
3230,157152,3.1371,2.6367,0.5004,False
3231,170048,3.1636,2.6430,0.5206,False
3232,183144,3.1870,2.6476,0.5395,False
3233,196007,3.2094,2.6526,0.5568,True
3234,208741,2.9584,2.5893,0.3690,False
3235,221897,2.9867,2.5980,0.3887,False
3236,235285,3.0140,2.6055,0.4085,False
3237,248175,3.0373,2.6107,0.4266,False
3238,260969,3.0571,2.6147,0.4424,False
3239,274037,3.0812,2.6197,0.4614,True
3240,287310,2.9881,2.5957,0.3924,False
3241,300369,3.0145,2.6014,0.4131,False
3242,313764,3.0368,2.6063,0.4305,False
3243,326902,3.0565,2.6093,0.4472,False
3244,339637,3.0763,2.6139,0.4623,True
3245,352620,3.0187,2.6044,0.4143,False
3246,366001,3.0414,2.6088,0.4326,False
3247,378874,3.0568,2.6104,0.4465,False
3248,391815,3.0762,2.6146,0.4616,False
3249,405015,3.0923,2.6172,0.4751,False
3250,418102,3.1086,2.6202,0.4884,False
3251,431081,3.1242,2.6214,0.5027,False
3252,444411,3.1402,2.6251,0.5151,False
3253,457279,3.1544,2.6259,0.5284,False
3254,470404,3.1695,2.6282,0.5413,False
3255,483181,3.1815,2.6304,0.5511,False
3256,496048,3.1922,2.6311,0.5611,False
3257,500000,3.2069,2.6339,0.5729,False
3258,500000,3.2198,2.6355,0.5843,False
3259,500000,3.2302,2.6361,0.5941,True
3260,500000,3.1466,2.6333,0.5133,True
3261,500000,3.1148,2.6318,0.4830,False
3262,500000,3.1285,2.6336,0.4949,True
3263,500000,3.1031,2.6316,0.4715,False
3264,500000,3.1164,2.6324,0.4840,False
3265,500000,3.1281,2.6340,0.4941,True
3266,500000,3.1008,2.6312,0.4696,False
3267,500000,3.1129,2.6324,0.4805,False
3268,500000,3.1271,2.6351,0.4919,False
3269,500000,3.1401,2.6364,0.5037,True
3270,500000,3.1055,2.6330,0.4725,False
3271,500000,3.1206,2.6347,0.4859,False
3272,500000,3.1324,2.6362,0.4963,False
3273,500000,3.1435,2.6372,0.5063,False
3274,500000,3.1583,2.6388,0.5195,False
3275,500000,3.1682,2.6396,0.5286,False
3276,500000,3.1817,2.6406,0.5411,False
3277,500000,3.1929,2.6424,0.5505,False
3278,500000,3.2026,2.6439,0.5586,False
3279,500000,3.2142,2.6451,0.5691,False
3280,500000,3.2247,2.6454,0.5793,False
3281,500000,3.2369,2.6470,0.5899,True
3282,500000,3.1517,2.6402,0.5116,False
3283,500000,3.1650,2.6422,0.5228,False
3284,500000,3.1757,2.6430,0.5327,False
3285,500000,3.1826,2.6432,0.5394,False
3286,500000,3.1970,2.6454,0.5516,False
3287,500000,3.2062,2.6459,0.5603,False
3288,500000,3.2170,2.6467,0.5703,False
3289,500000,3.2267,2.6480,0.5787,False
3290,500000,3.2353,2.6488,0.5866,False
3291,500000,3.2468,2.6520,0.5948,False
3292,500000,3.2575,2.6523,0.6053,False
3293,500000,3.2658,2.6532,0.6126,False
3294,500000,3.2727,2.6538,0.6189,False
3295,500000,3.2825,2.6557,0.6268,True
3296,500000,3.1784,2.6474,0.5310,False
3297,500000,3.1894,2.6490,0.5404,False
3298,500000,3.2003,2.6494,0.5510,False
3299,500000,3.2095,2.6502,0.5593,False
3300,500000,3.2192,2.6499,0.5693,False
3301,500000,3.2304,2.6520,0.5783,False
3302,500000,3.2379,2.6525,0.5854,False
3303,500000,3.2474,2.6534,0.5940,True
3304,500000,3.1665,2.6466,0.5200,True
3305,500000,3.1323,2.6436,0.4887,False
3306,500000,3.1401,2.6429,0.4972,False
3307,500000,3.1524,2.6456,0.5068,False
3308,500000,3.1628,2.6461,0.5167,False
3309,500000,3.1742,2.6480,0.5262,False
3310,500000,3.1854,2.6480,0.5374,False
3311,500000,3.1968,2.6496,0.5471,False
3312,500000,3.2046,2.6495,0.5551,False
3313,500000,3.2156,2.6512,0.5644,False
3314,500000,3.2271,2.6522,0.5749,False
3315,500000,3.2366,2.6534,0.5832,False
3316,500000,3.2470,2.6551,0.5919,False
3317,500000,3.2554,2.6551,0.6002,False
3318,500000,3.2654,2.6561,0.6093,False
3319,500000,3.2728,2.6557,0.6171,False
3320,500000,3.2813,2.6565,0.6247,False
3321,500000,3.2882,2.6577,0.6305,False
3322,500000,3.2983,2.6596,0.6388,False
3323,500000,3.3082,2.6603,0.6479,False
3324,500000,3.3169,2.6620,0.6549,False
3325,500000,3.3250,2.6625,0.6625,False
3326,500000,3.3353,2.6637,0.6715,True
3327,500000,3.2023,2.6544,0.5479,False
3328,500000,3.2113,2.6550,0.5563,False
3329,500000,3.2214,2.6561,0.5653,False
3330,500000,3.2288,2.6555,0.5733,False
3331,500000,3.2374,2.6563,0.5811,False
3332,500000,3.2468,2.6573,0.5896,False
3333,500000,3.2569,2.6581,0.5987,False
3334,500000,3.2634,2.6588,0.6046,False
3335,500000,3.2709,2.6596,0.6113,False
3336,500000,3.2798,2.6607,0.6191,False
3337,500000,3.2873,2.6611,0.6263,False
3338,500000,3.2960,2.6624,0.6335,False
3339,500000,3.3036,2.6634,0.6402,False
3340,500000,3.3115,2.6637,0.6478,False
3341,500000,3.3183,2.6648,0.6535,True
3342,500000,3.2020,2.6555,0.5464,False
3343,500000,3.2104,2.6561,0.5543,False
3344,500000,3.2156,2.6563,0.5594,False
3345,500000,3.2233,2.6565,0.5668,False
3346,500000,3.2331,2.6573,0.5758,False
3347,500000,3.2387,2.6576,0.5811,False
3348,500000,3.2499,2.6589,0.5910,False
3349,500000,3.2549,2.6595,0.5954,False
3350,500000,3.2629,2.6592,0.6037,False
3351,500000,3.2696,2.6597,0.6099,False
3352,500000,3.2783,2.6607,0.6176,False
3353,500000,3.2887,2.6620,0.6267,False
3354,500000,3.2931,2.6619,0.6313,True
3355,500000,3.1910,2.6538,0.5373,False
3356,500000,3.1998,2.6539,0.5459,False
3357,500000,3.2080,2.6554,0.5526,False
3358,500000,3.2170,2.6559,0.5610,False
3359,500000,3.2253,2.6571,0.5682,False
3360,500000,3.2341,2.6571,0.5770,False
3361,500000,3.2425,2.6578,0.5847,False
3362,500000,3.2514,2.6585,0.5929,True
3363,500000,3.1710,2.6507,0.5203,False
3364,500000,3.1797,2.6511,0.5286,False
3365,500000,3.1887,2.6519,0.5368,False
3366,500000,3.1990,2.6530,0.5459,True
3367,500000,3.1452,2.6474,0.4978,False
3368,500000,3.1552,2.6481,0.5071,True
3369,500000,3.1207,2.6437,0.4769,False
3370,500000,3.1322,2.6453,0.4869,False
3371,500000,3.1439,2.6455,0.4984,False
3372,500000,3.1536,2.6469,0.5066,True
3373,500000,3.1144,2.6412,0.4732,False
3374,500000,3.1257,2.6419,0.4838,False
3375,500000,3.1387,2.6436,0.4951,False
3376,500000,3.1505,2.6444,0.5061,False
3377,500000,3.1611,2.6450,0.5162,False
3378,500000,3.1724,2.6460,0.5264,False
3379,500000,3.1837,2.6468,0.5369,False
3380,500000,3.1946,2.6480,0.5466,False
3381,500000,3.2044,2.6492,0.5552,False
3373,12914,1.9955,1.8065,0.1891,False
